timestamp,0V8_AON_A_current_A,0V8_SW_A_current_A,1V1_SYS_A_current_A,1V8_SYS_A_current_A,3V3_ADC_A_current_A,3V3_DAC_A_current_A,3V3_SYS_A_current_A,3V7_WL_SW_A_current_A,DDR_VDD2_A_current_A,DDR_VDDQ_A_current_A,HDMI_A_current_A,VDD_CORE_A_current_A,0V8_AON_V_voltage_V,0V8_SW_V_voltage_V,1V1_SYS_V_voltage_V,1V8_SYS_V_voltage_V,3V3_ADC_V_voltage_V,3V3_DAC_V_voltage_V,3V3_SYS_V_voltage_V,3V7_WL_SW_V_voltage_V,BATT_V_voltage_V,DDR_VDD2_V_voltage_V,DDR_VDDQ_V_voltage_V,EXT5V_V_voltage_V,HDMI_V_voltage_V,VDD_CORE_V_voltage_V
2025-08-19T09:31:13.696380,0.00494505,0.5533523,0.3454792,0.265453,6.105e-05,0.0,0.1629803,0.00390372,0.1044245,0.0,0.0107448,1.74135,0.8014645,0.8025633,1.106959,1.808545,3.312268,3.316846,3.307249,3.722976,0.0,1.11282,0.600732,5.24074,5.2327,0.8783874
2025-08-19T09:31:14.725221,0.00506715,0.5543283,0.3454792,0.2615492,0.0001221,6.105e-05,0.1610285,0.00097593,0.06538731,0.0,0.010989,1.23234,0.8014645,0.8014644,1.107691,1.809034,3.314099,3.316846,3.329521,3.722048,0.0,1.113552,0.6029298,5.24074,5.24342,0.7674474
2025-08-19T09:31:15.749620,0.00494505,0.5621357,0.3445033,0.2683808,6.105e-05,0.0,0.1590766,0.00292779,0.03025383,0.0,0.0112332,2.84867,0.8011714,0.802197,1.10586,1.81001,3.314099,3.317762,3.310033,3.722976,0.0,1.111354,0.6065928,5.2394,5.22198,0.8778502
2025-08-19T09:31:16.775766,0.0051282,0.5738469,0.3591422,0.2771641,0.00018315,0.0,0.1639562,0.00292779,0.1454136,0.0446082,0.0108669,4.48286,0.8014645,0.8014644,1.10586,1.809034,3.314099,3.315015,3.307249,3.725759,0.0,1.113918,0.6036624,5.21394,5.21528,0.8783874
2025-08-19T09:31:17.801838,0.00506715,0.6909585,0.3445033,0.2752123,0.00018315,0.0,0.1581007,0.00292779,0.2381269,0.0730398,0.0107448,6.483179,0.8011714,0.802197,1.106959,1.809034,3.313183,3.316846,3.313745,3.724831,0.0,1.109156,0.6051276,5.21662,5.2126,0.8783874
2025-08-19T09:31:18.836995,0.00482295,0.6841269,0.3454792,0.279116,0.00018315,0.0,0.1639562,0.00195186,0.2625252,0.0676476,0.0107448,5.81343,0.8011714,0.8014644,1.107325,1.808057,3.313183,3.315931,3.310033,3.722048,0.0,1.109156,0.604395,5.207239,5.19786,0.8783874
2025-08-19T09:31:19.869020,0.0052503,0.6724158,0.3454792,0.2800919,6.105e-05,0.0,0.1590766,0.00390372,0.2469103,0.0803928,0.0112332,5.87594,0.8008783,0.8025633,1.107325,1.810499,3.314099,3.315015,3.326736,3.722048,0.0,1.109889,0.6036624,5.20322,5.19652,0.8783874
2025-08-19T09:31:20.899746,0.00506715,0.5962932,0.3454792,0.279116,6.105e-05,0.0,0.1795711,0.00097593,0.1141838,0.0274512,0.0107448,5.01866,0.8011714,0.8029296,1.107691,1.809034,3.314099,3.314099,3.327664,3.725759,0.0,1.109523,0.6047613,5.22064,5.20992,0.8789246
2025-08-19T09:31:21.933525,0.0058608,0.5787265,0.3454792,0.2683808,6.105e-05,0.0,0.1610285,0.00585558,0.00878337,0.0053922,0.0111111,4.41142,0.8014645,0.8014644,1.10586,1.80708,3.314099,3.314099,3.333232,3.729471,0.0,1.108058,0.6051276,5.20858,5.20858,0.8778502
2025-08-19T09:31:22.961777,0.00531135,0.5650635,0.3464552,0.2732604,6.105e-05,0.0,0.1590766,0.00097593,0.04391685,0.0,0.0108669,5.43837,0.8008783,0.802197,1.10586,1.808545,3.315015,3.315015,3.327664,3.726687,0.0,1.113552,0.6032961,5.21662,5.21394,0.8778502
2025-08-19T09:31:23.990626,0.006105,0.6890066,0.3435274,0.2732604,0.00018315,0.0,0.1620044,0.00195186,0.2098249,0.0127452,0.0105006,6.35816,0.8008783,0.8025633,1.108058,1.810987,3.314099,3.316846,3.316529,3.722976,0.0,1.105494,0.6036624,5.207239,5.20992,0.8789246
2025-08-19T09:31:25.017906,0.0054945,0.5611597,0.3464552,0.265453,6.105e-05,0.0,0.1620044,0.00292779,0.01463895,0.0,0.0107448,4.39356,0.8008783,0.8025633,1.107691,1.810987,3.314099,3.314099,3.319313,3.722048,0.0,1.110622,0.6036624,5.20322,5.1992,0.8794619
2025-08-19T09:31:26.052678,0.0053724,0.6577768,0.3454792,0.2820438,0.00018315,0.0,0.1688359,0.00195186,0.2742363,0.058824,0.0106227,6.18849,0.8014645,0.8025633,1.106226,1.809034,3.313183,3.315931,3.357359,3.724831,0.0,1.105127,0.6032961,5.22332,5.20188,0.8832226
2025-08-19T09:31:27.082537,0.0058608,0.5592079,0.3464552,0.2713085,6.105e-05,0.0,0.1629803,0.00097593,0.02732604,0.0,0.0107448,4.52751,0.8002922,0.8014644,1.107325,1.809522,3.314099,3.314099,3.355503,3.722976,0.0,1.104394,0.604395,5.20322,5.20188,0.8786561
2025-08-19T09:31:28.111564,0.0053724,0.5631116,0.3464552,0.2683808,6.105e-05,0.0,0.1629803,0.00195186,0.03122976,0.0,0.0107448,4.40249,0.8014645,0.8018308,1.108058,1.806592,3.315015,3.315931,3.307249,3.722048,0.0,1.107325,0.6036624,5.20858,5.226,0.8853715
2025-08-19T09:31:29.136954,0.0053724,0.5562801,0.3581663,0.2693567,6.105e-05,0.0,0.1590766,0.00195186,0.03318162,0.0,0.0103785,4.35784,0.8014645,0.8014644,1.10586,1.809034,3.314099,3.315931,3.307249,3.723903,0.0,1.10586,0.6010983,5.20188,5.18714,0.8791933
2025-08-19T09:31:30.173270,0.0053724,0.6860789,0.3474311,0.2830197,0.00018315,0.0,0.1600525,0.0,0.2703326,0.0848046,0.0106227,6.01882,0.8011714,0.802197,1.107691,1.809034,3.315015,3.314099,3.319313,3.723903,0.0,1.114285,0.6040287,5.21528,5.21528,0.8789246
2025-08-19T09:31:31.201456,0.00531135,0.6821751,0.3454792,0.2849716,6.105e-05,0.0,0.1610285,0.00097593,0.2576455,0.0676476,0.0108669,5.68841,0.8017574,0.8025633,1.106959,1.809034,3.314099,3.315931,3.340656,3.722048,0.0,1.106226,0.6051276,5.20992,5.20992,0.8762386
2025-08-19T09:31:32.230406,0.0052503,0.5592079,0.3454792,0.2830197,0.00018315,0.0,0.1551729,0.00195186,0.03122976,0.0,0.010989,4.36677,0.8011714,0.8029296,1.107325,1.81001,3.314099,3.315015,3.313745,3.723903,0.0,1.104394,0.6032961,5.20456,5.22198,0.8783874
2025-08-19T09:31:33.259440,0.0053724,0.5601838,0.3445033,0.2722845,6.105e-05,0.0,0.1561488,0.00292779,0.03220569,0.0,0.010989,3.68809,0.8014645,0.8032959,1.107325,1.808545,3.313183,3.315931,3.327664,3.747103,0.0,1.101464,0.6032961,5.20858,5.19518,0.8783874
2025-08-19T09:31:34.291074,0.00555555,0.6704639,0.3435274,0.279116,6.105e-05,0.0,0.1698118,0.00292779,0.2732604,0.06715741,0.0107448,6.0724,0.8017574,0.8010981,1.107691,1.809034,3.314099,3.315015,3.316529,3.724831,0.0,1.101464,0.6036624,5.20456,5.20456,0.8805364
2025-08-19T09:31:35.322621,0.00518925,0.6704639,0.3454792,0.2781401,0.00018315,0.0,0.1600525,0.00097593,0.2800919,0.0700986,0.0103785,5.76878,0.8017574,0.8025633,1.104028,1.808057,3.315015,3.315015,3.319313,3.740607,0.0,1.108424,0.6032961,5.2126,5.20322,0.8724778
2025-08-19T09:31:36.353845,0.0052503,0.6890066,0.3474311,0.279116,6.105e-05,0.0,0.1639562,0.00195186,0.2986346,0.078432,0.010989,6.134909,0.8011714,0.8014644,1.106959,1.808545,3.315015,3.315931,3.326736,3.726687,0.0,1.106592,0.6036624,5.22332,5.2126,0.8778502
2025-08-19T09:31:37.382638,0.0052503,0.5640876,0.3464552,0.2674048,6.105e-05,0.0,0.1581007,0.00097593,0.05172429,0.0,0.0102564,4.40249,0.8017574,0.8032959,1.108058,1.809034,3.314099,3.315931,3.309105,3.722048,0.0,1.110622,0.6036624,5.20992,5.19786,0.8810737
2025-08-19T09:31:38.408808,0.00482295,0.6851029,0.3435274,0.2810678,0.00018315,0.0,0.1581007,0.00097593,0.3103457,0.078432,0.0106227,5.61697,0.8017574,0.8014644,1.104394,1.809034,3.314099,3.315015,3.355503,3.724831,0.0,1.113552,0.6040287,5.20188,5.20992,0.8775815
2025-08-19T09:31:39.435710,0.0051282,0.6811991,0.3454792,0.2732604,6.105e-05,0.0,0.153221,0.00097593,0.1171116,0.0598044,0.0107448,5.45623,0.8008783,0.802197,1.108058,1.809034,3.315015,3.316846,3.310033,3.723903,0.0,1.113552,0.6029298,5.1992,5.20322,0.8789246
2025-08-19T09:31:40.462055,0.00482295,0.557256,0.3454792,0.2713085,0.00018315,0.0,0.1620044,0.00292779,0.03220569,0.0,0.0106227,4.38463,0.8011714,0.802197,1.104394,1.81001,3.315015,3.316846,3.309105,3.722976,0.0,1.107325,0.6003657,5.21528,5.19652,0.8794619
2025-08-19T09:31:41.491053,0.00518925,0.5611597,0.3464552,0.2683808,6.105e-05,0.0,0.1551729,0.0,0.0390372,0.0,0.0103785,4.40249,0.8011714,0.8029296,1.10586,1.808545,3.314099,3.315931,3.309105,3.727615,0.0,1.107325,0.6040287,5.19652,5.20858,0.8786561
2025-08-19T09:31:42.517706,0.00482295,0.5679912,0.3464552,0.2771641,0.00018315,0.0,0.1590766,0.00195186,0.06538731,0.0,0.0107448,4.76862,0.8011714,0.8025633,1.107325,1.809034,3.314099,3.315015,3.310033,3.722976,0.0,1.107325,0.6032961,5.21796,5.22198,0.8789246
2025-08-19T09:31:43.545965,0.0053724,0.599221,0.3454792,0.2839956,0.0,0.0,0.1581007,0.00390372,0.1473654,0.0651966,0.0106227,6.19742,0.8005854,0.8014644,1.106959,1.808545,3.315015,3.313183,3.308177,3.722048,0.0,1.104394,0.6021972,5.1925,5.20456,0.8794619
2025-08-19T09:31:44.573621,0.00494505,0.5631116,0.3454792,0.2713085,0.00018315,0.0,0.1649322,0.00292779,0.03318162,0.0,0.0103785,4.54537,0.8008783,0.802197,1.108058,1.809034,3.313183,3.315015,3.319313,3.723903,0.0,1.112087,0.6003657,5.19786,5.20322,0.8786561
2025-08-19T09:31:45.603633,0.0058608,0.6714398,0.3445033,0.2683808,0.00018315,0.0,0.1571247,0.00195186,0.0390372,0.0,0.0108669,4.3757,0.8002922,0.8014644,1.106226,1.808057,3.312268,3.314099,3.319313,3.722976,0.0,1.110622,0.6032961,5.20322,5.20188,0.8770444
2025-08-19T09:31:46.632529,0.0046398,0.5631116,0.3464552,0.2898512,6.105e-05,0.0,0.1659081,0.00097593,0.2742363,0.0,0.0105006,4.53644,0.8002922,0.8010981,1.107691,1.808545,3.310436,3.314099,3.333232,3.723903,0.0,1.110988,0.600732,5.1992,5.23136,0.8783874
2025-08-19T09:31:47.657928,0.00531135,0.5621357,0.3464552,0.2869234,0.00018315,0.0,0.1590766,0.00292779,0.08685777,0.0,0.0101343,4.83113,0.8011714,0.8010981,1.106959,1.809034,3.313183,3.316846,3.325809,3.723903,0.0,1.107325,0.6003657,5.2193,5.2126,0.8783874
2025-08-19T09:31:48.686696,0.0053724,0.6733917,0.3445033,0.2800919,6.105e-05,0.0,0.2147046,0.00097593,0.2761882,0.0088236,0.0105006,6.41174,0.8017574,0.8029296,1.108058,1.808545,3.312268,3.315931,3.331376,3.724831,0.0,1.10586,0.6036624,5.22064,5.1925,0.8797306
2025-08-19T09:31:49.715831,0.0052503,0.683151,0.3464552,0.2849716,6.105e-05,0.0,0.1590766,0.00097593,0.2752123,0.0696084,0.0108669,5.52767,0.8011714,0.802197,1.10879,1.809034,3.312268,3.317762,3.357359,3.741535,0.0,1.107691,0.6065928,5.2059,5.2059,0.8789246
2025-08-19T09:31:50.743869,0.00518925,0.5621357,0.3454792,0.2713085,0.00018315,0.0,0.1561488,0.0,0.03122976,0.0,0.0103785,4.47393,0.8017574,0.8029296,1.106226,1.809034,3.313183,3.314099,3.310961,3.75267,0.0,1.113552,0.6040287,5.20322,5.19786,0.8781188
2025-08-19T09:31:51.772789,0.0051282,0.5631116,0.3464552,0.2703326,0.0,0.0,0.1600525,0.00487965,0.3035142,0.0,0.010989,4.39356,0.8011714,0.8029296,1.107691,1.810499,3.315015,3.315015,3.326736,3.724831,0.0,1.106226,0.6032961,5.20858,5.20322,0.8786561
2025-08-19T09:31:52.802644,0.00482295,0.6724158,0.3454792,0.279116,6.105e-05,0.0,0.1600525,0.00292779,0.2732604,0.075981,0.0105006,6.170629,0.8017574,0.8025633,1.105127,1.810987,3.314099,3.315015,3.327664,3.74339,0.0,1.109156,0.6032961,5.20456,5.20456,0.8781188
2025-08-19T09:31:53.830811,0.00494505,0.5592079,0.3464552,0.2703326,6.105e-05,0.0,0.1561488,0.00292779,0.03708534,0.0,0.0107448,4.465,0.8011714,0.8014644,1.106959,1.810987,3.313183,3.316846,3.309105,3.723903,0.0,1.110622,0.6032961,5.19384,5.22064,0.8781188
2025-08-19T09:31:54.857438,0.0052503,0.6714398,0.3445033,0.2771641,0.00018315,0.0,0.1649322,0.00390372,0.2810678,0.068628,0.0101343,6.43853,0.8008783,0.8010981,1.10586,1.809034,3.314099,3.315931,3.318385,3.741535,0.0,1.113552,0.6036624,5.20456,5.20992,0.8786561
2025-08-19T09:31:55.899771,0.0056166,0.6509453,0.3464552,0.2839956,6.105e-05,0.0,0.1600525,0.00195186,0.1873786,0.0112746,0.0107448,5.08117,0.8011714,0.802197,1.107325,1.808545,3.314099,3.315931,3.325809,3.727615,0.0,1.109523,0.6029298,5.21796,5.21394,0.8778502
2025-08-19T09:31:56.928171,0.00543345,0.6870547,0.3464552,0.2771641,6.105e-05,0.0,0.1600525,0.00292779,0.03318162,0.0,0.0106227,4.44714,0.8008783,0.8010981,1.106959,1.806592,3.315015,3.315015,3.307249,3.726687,0.0,1.106959,0.6018309,5.19652,5.19786,0.8794619
2025-08-19T09:31:57.963925,0.0051282,0.6733917,0.3464552,0.2820438,6.105e-05,0.0,0.1639562,0.00292779,0.2732604,0.0642162,0.0107448,6.06347,0.8005854,0.8025633,1.106959,1.809522,3.312268,3.314099,3.327664,3.722976,0.0,1.104394,0.6036624,5.20858,5.1992,0.8813422
2025-08-19T09:31:58.992726,0.00543345,0.6821751,0.3464552,0.279116,6.105e-05,0.0,0.1600525,0.00292779,0.3025383,0.051471,0.0107448,5.28656,0.8014645,0.8036622,1.107691,1.809034,3.313183,3.315015,3.327664,3.723903,0.0,1.125274,0.604395,5.20188,5.207239,0.8722091
2025-08-19T09:32:00.024353,0.00506715,0.683151,0.3464552,0.2800919,6.105e-05,0.0,0.1590766,0.00292779,0.2869234,0.029412,0.0108669,6.35816,0.8011714,0.8018308,1.104394,1.809522,3.314099,3.314099,3.309105,3.724831,0.0,1.106592,0.6051276,5.20456,5.21126,0.8794619
2025-08-19T09:32:01.050617,0.00555555,0.5621357,0.3454792,0.2830197,0.0,0.0,0.1620044,0.00292779,0.2674048,0.0,0.0108669,4.47393,0.8017574,0.8029296,1.107325,1.809034,3.314099,3.316846,3.309105,3.723903,0.0,1.107325,0.6036624,5.20322,5.22064,0.8791933
2025-08-19T09:32:02.080991,0.00531135,0.6782714,0.3474311,0.2810678,6.105e-05,0.0,0.1629803,0.00292779,0.3015624,0.068628,0.0106227,6.37602,0.8011714,0.8018308,1.104394,1.809034,3.314099,3.315015,3.313745,3.740607,0.0,1.108424,0.6029298,5.19518,5.18714,0.8797306
2025-08-19T09:32:03.108845,0.0051282,0.6880306,0.3474311,0.2820438,0.00018315,0.0,0.1581007,0.00195186,0.3054661,0.0813732,0.0107448,6.50997,0.8005854,0.802197,1.107325,1.809522,3.315015,3.315015,3.329521,3.741535,0.0,1.109889,0.6032961,5.20992,5.20992,0.8810737
2025-08-19T09:32:04.134892,0.00531135,0.6724158,0.3445033,0.2830197,6.105e-05,0.0,0.1620044,0.00195186,0.2810678,0.0627456,0.0106227,6.53676,0.8008783,0.8036622,1.108058,1.809522,3.314099,3.315931,3.307249,3.748958,0.0,1.106226,0.6003657,5.18714,5.1925,0.8794619
2025-08-19T09:32:05.165050,0.00506715,0.6714398,0.3445033,0.2800919,6.105e-05,0.0,0.1659081,0.00097593,0.2420307,0.06323581,0.0103785,5.20619,0.8011714,0.7996329,1.108058,1.808057,3.314099,3.315931,3.319313,3.722976,0.0,1.107691,0.6036624,5.20992,5.19786,0.8789246
2025-08-19T09:32:06.190619,0.00616605,0.5611597,0.3464552,0.2830197,0.00018315,0.0,0.1620044,0.0,0.2595974,0.0,0.0108669,4.465,0.8011714,0.802197,1.108058,1.81001,3.314099,3.314099,3.309105,3.723903,0.0,1.108058,0.6047613,5.20322,5.19518,0.8786561
2025-08-19T09:32:07.218574,0.00482295,0.5592079,0.3454792,0.2722845,0.0,0.0,0.1610285,0.00292779,0.04001313,0.0,0.0101343,4.51858,0.8017574,0.8014644,1.106959,1.804638,3.310436,3.315931,3.329521,3.722048,0.0,1.113552,0.6036624,5.20322,5.20322,0.8781188
2025-08-19T09:32:08.246647,0.0052503,0.5748228,0.3464552,0.2683808,6.105e-05,0.0,0.1600525,0.00097593,0.03415755,0.0598044,0.0106227,3.92027,0.8011714,0.8010981,1.108058,1.809034,3.315015,3.315931,3.309105,3.723903,0.0,1.113552,0.6032961,5.1992,5.19652,0.8778502
2025-08-19T09:32:09.273003,0.0052503,0.6782714,0.3474311,0.2849716,6.105e-05,0.0,0.1590766,0.00390372,0.2732604,0.0720594,0.0105006,6.1617,0.8008783,0.8010981,1.107691,1.808545,3.313183,3.315015,3.357359,3.741535,0.0,1.106959,0.6010983,5.20322,5.20054,0.8775815
2025-08-19T09:32:10.403203,0.00531135,0.5972692,0.3474311,0.2761882,6.105e-05,0.0,0.1620044,0.00097593,0.2117768,0.004902,0.0105006,5.304419,0.8017574,0.8018308,1.106959,1.809034,3.315015,3.315931,3.319313,3.724831,0.0,1.110255,0.6040287,5.20456,5.207239,0.8791933
2025-08-19T09:32:11.431895,0.0058608,0.5611597,0.3493829,0.2713085,6.105e-05,0.0,0.1600525,0.00292779,0.03025383,0.0,0.0106227,4.35784,0.8008783,0.8010981,1.107691,1.808545,3.315015,3.315931,3.355503,3.726687,0.0,1.108058,0.6036624,5.20858,5.1992,0.8810737
2025-08-19T09:32:12.466447,0.0053724,0.669488,0.3464552,0.2830197,6.105e-05,0.0,0.1629803,0.00390372,0.2888753,0.0681378,0.0107448,5.72413,0.8008783,0.8018308,1.108058,1.808545,3.312268,3.316846,3.309105,3.723903,0.0,1.11172,0.6036624,5.2059,5.19786,0.8781188
2025-08-19T09:32:13.492590,0.00506715,0.5592079,0.3464552,0.2713085,6.105e-05,0.0,0.1610285,0.00195186,0.04391685,0.07254961,0.0102564,5.88487,0.8011714,0.8014644,1.104394,1.809034,3.313183,3.315015,3.310033,3.722048,0.0,1.115017,0.6036624,5.1992,5.20858,0.8775815
2025-08-19T09:32:14.520227,0.00592185,0.5601838,0.3464552,0.2752123,0.0,0.0,0.1629803,0.0,0.03318162,0.0,0.0101343,4.34891,0.8008783,0.7996329,1.106959,1.809034,3.315931,3.316846,3.327664,3.740607,0.0,1.101464,0.6025635,5.21796,5.19786,0.8786561
2025-08-19T09:32:15.547838,0.0053724,0.5601838,0.348407,0.2703326,6.105e-05,0.0,0.1620044,0.00292779,0.0292779,0.058824,0.0106227,3.70595,0.8008783,0.8018308,1.108058,1.807568,3.314099,3.314099,3.308177,3.723903,0.0,1.105127,0.6029298,5.20322,5.20322,0.8797306
2025-08-19T09:32:16.574653,0.00482295,0.6646084,0.3474311,0.2800919,0.00018315,0.0,0.1629803,0.00097593,0.306442,0.0627456,0.0106227,6.20635,0.8008783,0.8025633,1.104394,1.810987,3.311352,3.314099,3.307249,3.740607,0.0,1.113552,0.6040287,5.2126,5.20054,0.8778502
2025-08-19T09:32:17.603641,0.00482295,0.5894618,0.3454792,0.2771641,6.105e-05,0.0,0.1590766,0.00195186,0.04782057,0.0,0.0106227,4.44714,0.8008783,0.8025633,1.106959,1.808057,3.315015,3.315931,3.307249,3.748958,0.0,1.104761,0.6003657,5.22064,5.2193,0.8786561
2025-08-19T09:32:18.632620,0.0053724,0.6665602,0.3454792,0.2810678,0.00018315,0.0,0.1600525,0.0,0.3044902,0.061275,0.0103785,6.34923,0.8008783,0.8014644,1.107691,1.81001,3.310436,3.315931,3.307249,3.741535,0.0,1.107691,0.6032961,5.1992,5.1992,0.8799991
2025-08-19T09:32:19.662355,0.0052503,0.6636324,0.3454792,0.2849716,6.105e-05,0.0,0.2615492,0.00195186,0.04294092,0.0,0.0107448,5.41158,0.8008783,0.802197,1.107691,1.806592,3.315015,3.315931,3.309105,3.722976,0.0,1.111354,0.6047613,5.21528,5.20322,0.8791933
2025-08-19T09:32:20.692858,0.00506715,0.6841269,0.3454792,0.2849716,6.105e-05,0.0,0.1581007,0.00195186,0.2908272,0.0691182,0.0106227,5.983099,0.8011714,0.8014644,1.105494,1.809522,3.315015,3.316846,3.327664,3.740607,0.0,1.107325,0.6040287,5.23002,5.1858,0.8775815
2025-08-19T09:32:21.719698,0.00482295,0.5738469,0.3669497,0.2713085,0.00018315,0.0,0.1824989,0.0,0.124919,0.061275,0.0107448,3.7506,0.8017574,0.8018308,1.108058,1.809034,3.312268,3.316846,3.319313,3.723903,0.0,1.11172,0.6021972,5.207239,5.20456,0.8791933
2025-08-19T09:32:22.747908,0.0053724,0.5640876,0.3669497,0.2820438,0.00018315,0.0,0.1590766,0.00195186,0.2586215,0.0750006,0.0107448,4.48286,0.8008783,0.802197,1.108058,1.809034,3.312268,3.316846,3.319313,3.741535,0.0,1.106592,0.6018309,5.20322,5.20322,0.8781188
2025-08-19T09:32:23.779124,0.00531135,0.6753436,0.3464552,0.2849716,6.105e-05,0.0,0.1571247,0.00097593,0.2742363,0.075981,0.0107448,6.36709,0.8014645,0.8032959,1.107691,1.808545,3.313183,3.314099,3.307249,3.726687,0.0,1.106959,0.6036624,5.20054,5.1992,0.876507
2025-08-19T09:32:24.812714,0.0058608,0.6704639,0.3445033,0.2771641,0.0,0.0,0.1903064,0.00195186,0.2566696,0.0681378,0.0107448,6.4296,0.8011714,0.8010981,1.109156,1.80708,3.314099,3.314099,3.319313,3.748958,0.0,1.105127,0.6051276,5.20456,5.20992,0.8775815
2025-08-19T09:32:25.841755,0.00482295,0.5601838,0.3464552,0.2683808,0.00018315,0.0,0.1600525,0.00292779,0.1024727,0.0602946,0.0105006,4.465,0.8011714,0.8032959,1.107325,1.808057,3.314099,3.315015,3.318385,3.745246,0.0,1.110255,0.6032961,5.20992,5.21528,0.8783874
2025-08-19T09:32:26.875746,0.0056166,0.5933654,0.3571904,0.2781401,0.00018315,0.0,0.1561488,0.00195186,0.2732604,0.063726,0.0105006,6.23314,0.8014645,0.802197,1.108058,1.808057,3.314099,3.315015,3.307249,3.723903,0.0,1.106226,0.6032961,5.21528,5.207239,0.8853715
2025-08-19T09:32:27.906780,0.0053724,0.5601838,0.3445033,0.2683808,0.00018315,0.0,0.1600525,0.00292779,0.03122976,0.0750006,0.0103785,5.93845,0.8011714,0.8029296,1.104394,1.808545,3.313183,3.315015,3.307249,3.741535,0.0,1.104394,0.6036624,5.26888,5.20322,0.8773129
2025-08-19T09:32:28.938863,0.00592185,0.6851029,0.3454792,0.2820438,6.105e-05,0.0,0.1581007,0.00195186,0.2127527,0.0284316,0.0106227,6.0724,0.8011714,0.8014644,1.108058,1.809034,3.314099,3.316846,3.311889,3.740607,0.0,1.105127,0.6040287,5.20992,5.1925,0.8799991
2025-08-19T09:32:29.969419,0.00543345,0.5611597,0.3464552,0.279116,6.105e-05,0.0,0.1629803,0.00195186,0.2732604,0.0730398,0.0107448,4.39356,0.8017574,0.802197,1.108058,1.809034,3.310436,3.317762,3.311889,3.745246,0.0,1.103662,0.6025635,5.20322,5.20456,0.8802678
2025-08-19T09:32:31.002620,0.00531135,0.6802233,0.3454792,0.2810678,6.105e-05,0.0,0.1600525,0.00195186,0.3044902,0.0794124,0.0108669,6.39388,0.8017574,0.8010981,1.106592,1.808545,3.315015,3.315015,3.328592,3.741535,0.0,1.102929,0.6014646,5.20992,5.20322,0.8778502
2025-08-19T09:32:32.030731,0.00592185,0.5621357,0.3454792,0.2742363,6.105e-05,0.0,0.1600525,0.00195186,0.03025383,0.0,0.0105006,5.38479,0.8017574,0.8014644,1.106226,1.809034,3.312268,3.315015,3.307249,3.724831,0.0,1.106592,0.6036624,5.20054,5.1992,0.8791933
2025-08-19T09:32:33.060750,0.00592185,0.5797024,0.3454792,0.2732604,6.105e-05,0.0,0.1590766,0.00195186,0.1014967,0.0,0.0107448,4.45607,0.8011714,0.8014644,1.106959,1.807568,3.312268,3.314099,3.327664,3.725759,0.0,1.101464,0.6062265,5.20054,5.21126,0.8783874
2025-08-19T09:32:34.087735,0.00482295,0.5611597,0.3454792,0.2693567,6.105e-05,0.0,0.1639562,0.00195186,0.08685777,0.0607848,0.0107448,4.52751,0.8008783,0.8025633,1.106959,1.810987,3.314099,3.315015,3.313745,3.726687,0.0,1.108424,0.6025635,5.21528,5.19786,0.876507
2025-08-19T09:32:35.221576,0.00518925,0.669488,0.3474311,0.2830197,0.0,0.0,0.1610285,0.00195186,0.222512,0.0647064,0.0106227,6.37602,0.8017574,0.8029296,1.106226,1.804638,3.315015,3.315931,3.311889,3.726687,0.0,1.106592,0.6032961,5.20992,5.19652,0.876507
2025-08-19T09:32:36.248578,0.0058608,0.5816543,0.3464552,0.2693567,6.105e-05,0.0,0.1610285,0.00097593,0.03122976,0.08382421,0.0107448,5.93845,0.8005854,0.802197,1.106592,1.809522,3.313183,3.314099,3.313745,3.724831,0.0,1.107325,0.6025635,5.22064,5.20992,0.876507
2025-08-19T09:32:37.276421,0.00543345,0.5660394,0.3454792,0.2713085,6.105e-05,0.0,0.1620044,0.00292779,0.03025383,0.0,0.0106227,4.47393,0.8011714,0.8029296,1.10586,1.808545,3.312268,3.315015,3.308177,3.725759,0.0,1.104394,0.6040287,5.19652,5.19786,0.8762386
2025-08-19T09:32:38.306935,0.0054945,0.6821751,0.3464552,0.2781401,0.00018315,0.0,0.1590766,0.00195186,0.2742363,0.0691182,0.0105006,6.08133,0.8011714,0.8025633,1.106226,1.808545,3.314099,3.315931,3.327664,3.729471,0.0,1.10586,0.6076917,5.20858,5.20456,0.876507
2025-08-19T09:32:39.341787,0.00482295,0.6870547,0.3581663,0.2810678,0.00018315,0.0,0.1561488,0.0,0.2898512,0.0745104,0.0107448,6.33137,0.8014645,0.802197,1.107325,1.809034,3.313183,3.315931,3.326736,3.722048,0.0,1.105127,0.6036624,5.19786,5.19786,0.8783874
2025-08-19T09:32:40.369220,0.00494505,0.5943414,0.3464552,0.2761882,6.105e-05,0.0,0.16786,0.0,0.3054661,0.0,0.0108669,5.09903,0.8011714,0.802197,1.108058,1.808545,3.315015,3.315015,3.325809,3.723903,0.0,1.112087,0.6032961,5.22198,5.2193,0.8799991
2025-08-19T09:32:41.397778,0.0058608,0.6724158,0.3474311,0.2810678,6.105e-05,0.0,0.1629803,0.00097593,0.2742363,0.061275,0.0106227,6.50997,0.8011714,0.8029296,1.107325,1.810987,3.314099,3.315015,3.319313,3.722976,0.0,1.103662,0.6025635,5.20992,5.1992,0.876507
2025-08-19T09:32:42.428773,0.0052503,0.655825,0.3464552,0.2781401,6.105e-05,0.0,0.1639562,0.0,0.08197812,0.0382356,0.0106227,5.40265,0.8014645,0.802197,1.10586,1.806592,3.314099,3.314099,3.329521,3.722048,0.0,1.104394,0.6036624,5.20322,5.21126,0.8773129
2025-08-19T09:32:43.458554,0.0053724,0.5601838,0.3464552,0.2713085,6.105e-05,0.0,0.1620044,0.0,0.03122976,0.0053922,0.0102564,4.52751,0.8017574,0.8018308,1.108058,1.809034,3.314099,3.316846,3.311889,3.723903,0.0,1.11282,0.6040287,5.20188,5.21662,0.8746268
2025-08-19T09:32:44.489504,0.0050061,0.5631116,0.3493829,0.2703326,6.105e-05,0.0,0.1610285,0.00195186,0.03610941,0.0,0.0101343,4.41142,0.8017574,0.8018308,1.106959,1.806592,3.314099,3.315931,3.308177,3.740607,0.0,1.104394,0.6029298,5.26352,5.20456,0.8789246
2025-08-19T09:32:45.519514,0.0052503,0.5816543,0.3454792,0.2781401,6.105e-05,0.0,0.2098249,0.00390372,0.1805471,0.0406866,0.0106227,5.92059,0.8011714,0.8010981,1.108058,1.808057,3.313183,3.315931,3.318385,3.722048,0.0,1.113552,0.6047613,5.21394,5.2126,0.8791933
2025-08-19T09:32:46.549732,0.0051282,0.5592079,0.3435274,0.2713085,0.00018315,0.0,0.16786,0.00195186,0.0292779,0.0,0.010989,4.43821,0.8011714,0.8029296,1.107325,1.808545,3.316846,3.316846,3.327664,3.740607,0.0,1.104394,0.6036624,5.1925,5.2059,0.8786561
2025-08-19T09:32:47.580355,0.00494505,0.669488,0.3445033,0.2859475,6.105e-05,0.0,0.1600525,0.00195186,0.292779,0.0,0.0106227,4.26854,0.8014645,0.8029296,1.106226,1.808545,3.315015,3.315015,3.313745,3.726687,0.0,1.104394,0.6032961,5.20456,5.20188,0.8762386
2025-08-19T09:32:48.609874,0.006105,0.6802233,0.3581663,0.279116,0.00018315,0.0,0.1561488,0.00097593,0.2830197,0.0769614,0.0107448,6.170629,0.8017574,0.8010981,1.107325,1.804638,3.314099,3.315015,3.308177,3.740607,0.0,1.107691,0.6029298,5.207239,5.1992,0.8770444
2025-08-19T09:32:49.636234,0.00531135,0.5943414,0.3474311,0.2732604,0.0,0.0,0.1639562,0.00195186,0.09466522,0.0299022,0.010989,5.69734,0.8005854,0.8018308,1.107691,1.809034,3.313183,3.316846,3.327664,3.727615,0.0,1.109156,0.6065928,5.22064,5.2126,0.8786561
2025-08-19T09:32:50.664358,0.00482295,0.6431379,0.3581663,0.2800919,6.105e-05,0.0,0.1776193,0.00390372,0.1727396,0.002451,0.0107448,5.37586,0.8002922,0.8025633,1.106226,1.809034,3.312268,3.314099,3.310033,3.722048,0.0,1.107325,0.6047613,5.21126,5.21528,0.8775815
2025-08-19T09:32:51.690423,0.0056166,0.6216674,0.376709,0.2800919,0.00018315,0.0,0.1590766,0.0,0.06636324,0.0,0.0106227,5.20619,0.8008783,0.8014644,1.104394,1.808545,3.314099,3.314099,3.308177,3.722976,0.0,1.108424,0.6018309,5.22064,5.21394,0.8778502
2025-08-19T09:32:52.721556,0.00482295,0.5621357,0.3786608,0.2693567,0.0,0.0,0.1600525,0.00292779,0.03025383,0.0,0.0106227,4.43821,0.8008783,0.802197,1.10586,1.809522,3.314099,3.315015,3.309105,3.722976,0.0,1.103662,0.6036624,5.20456,5.19518,0.8794619
2025-08-19T09:32:53.753738,0.00482295,0.5631116,0.3464552,0.2781401,6.105e-05,0.0,0.25179,0.00292779,0.03025383,0.0,0.0105006,4.34891,0.8011714,0.8014644,1.107325,1.81001,3.314099,3.314099,3.310033,3.724831,0.0,1.106592,0.6032961,5.20322,5.19652,0.8802678
2025-08-19T09:32:54.780664,0.00518925,0.6733917,0.3454792,0.2752123,0.00018315,0.0,0.1639562,0.00292779,0.03220569,0.0,0.0106227,4.38463,0.8011714,0.8010981,1.107325,1.809034,3.313183,3.316846,3.327664,3.724831,0.0,1.112453,0.6010983,5.20992,5.19652,0.8783874
2025-08-19T09:32:55.806819,0.0050061,0.6704639,0.3454792,0.2859475,0.0,0.0,0.1581007,0.00195186,0.2888753,0.0651966,0.0103785,5.92952,0.8014645,0.8014644,1.107691,1.809522,3.313183,3.316846,3.319313,3.725759,0.0,1.109523,0.6010983,5.22064,5.20456,0.8775815
2025-08-19T09:32:56.836993,0.00518925,0.586534,0.3435274,0.2810678,6.105e-05,0.0,0.1590766,0.00195186,0.08588185,0.0019608,0.0108669,5.24191,0.8002922,0.8010981,1.106959,1.809034,3.312268,3.315015,3.309105,3.740607,0.0,1.106959,0.6018309,5.20992,5.21528,0.8781188
2025-08-19T09:32:57.870954,0.00506715,0.6782714,0.3454792,0.2800919,0.00018315,0.0,0.1581007,0.00097593,0.2488621,0.075981,0.0106227,6.02775,0.8002922,0.8014644,1.10586,1.809034,3.310436,3.314099,3.311889,3.725759,0.0,1.113552,0.6040287,5.20992,5.19652,0.8853715
2025-08-19T09:32:58.897138,0.00482295,0.6821751,0.3454792,0.2820438,0.00018315,0.0,0.16786,0.00390372,0.2761882,0.0578436,0.0106227,6.33137,0.8008783,0.8025633,1.107691,1.809034,3.312268,3.316846,3.318385,3.723903,0.0,1.104394,0.6032961,5.20456,5.19786,0.8783874
2025-08-19T09:32:59.922278,0.0053724,0.5611597,0.3454792,0.2703326,6.105e-05,0.0,0.1649322,0.00390372,0.1473654,0.0019608,0.0106227,4.41142,0.8008783,0.8010981,1.107325,1.808545,3.316846,3.314099,3.319313,3.723903,0.0,1.11172,0.6018309,5.20322,5.21394,0.8789246
2025-08-19T09:33:00.950708,0.00506715,0.5953173,0.3474311,0.279116,0.00018315,0.0,0.1620044,0.0,0.09856894,0.0,0.0107448,5.25977,0.8011714,0.8025633,1.108058,1.809034,3.312268,3.315015,3.327664,3.723903,0.0,1.112087,0.6029298,5.20456,5.20456,0.8799991
2025-08-19T09:33:01.979680,0.006105,0.6265471,0.3454792,0.2839956,0.00018315,0.0,0.1590766,0.0,0.2898512,0.0720594,0.0103785,4.33105,0.8017574,0.8010981,1.10586,1.809034,3.314099,3.314099,3.311889,3.726687,0.0,1.108424,0.6018309,5.19786,5.1992,0.8791933
2025-08-19T09:33:03.010001,0.0052503,0.5689672,0.3474311,0.2771641,0.00018315,0.0,0.1688359,0.00195186,0.07026696,0.0014706,0.0108669,5.509809,0.8011714,0.8025633,1.107691,1.806592,3.313183,3.316846,3.313745,3.723903,0.0,1.110622,0.6025635,5.2126,5.20858,0.8783874
2025-08-19T09:33:04.039877,0.0052503,0.6782714,0.3474311,0.279116,6.105e-05,0.0,0.2156806,0.00390372,0.2752123,0.0607848,0.0101343,6.09026,0.8014645,0.802197,1.107691,1.804638,3.312268,3.315931,3.357359,3.723903,0.0,1.108424,0.6032961,5.19786,5.20456,0.8816109
2025-08-19T09:33:05.071340,0.0052503,0.5923895,0.3464552,0.2800919,0.00018315,0.0,0.1639562,0.00292779,0.2098249,0.0093138,0.0107448,5.43837,0.8011714,0.8029296,1.107691,1.81001,3.315015,3.315931,3.302609,3.726687,0.0,1.108058,0.6032961,5.22198,5.20992,0.8810737
2025-08-19T09:33:06.098309,0.00531135,0.5601838,0.3445033,0.2800919,6.105e-05,0.0,0.1590766,0.00195186,0.04001313,0.0,0.0101343,5.46516,0.8017574,0.8010981,1.107325,1.808545,3.313183,3.314099,3.319313,3.724831,0.0,1.107325,0.6047613,5.22332,5.1992,0.8799991
2025-08-19T09:33:07.123392,0.00494505,0.6841269,0.3435274,0.2752123,0.0001221,0.0,0.1590766,0.00390372,0.1483414,0.0666672,0.0105006,5.50088,0.8008783,0.802197,1.10586,1.808545,3.314099,3.315015,3.327664,3.733183,0.0,1.104394,0.6051276,5.22466,5.19786,0.8778502
2025-08-19T09:33:08.147984,0.00482295,0.5679912,0.3474311,0.2771641,6.105e-05,0.0,0.1688359,0.00292779,0.2869234,0.0,0.0106227,4.2864,0.8014645,0.8032959,1.107691,1.809034,3.312268,3.314099,3.357359,3.726687,0.0,1.106592,0.6025635,5.19786,5.20054,0.876507
2025-08-19T09:33:09.176759,0.0053724,0.6724158,0.3474311,0.2713085,6.105e-05,0.0,0.16786,0.00292779,0.08685777,0.0,0.0106227,3.78632,0.8002922,0.8029296,1.104394,1.809034,3.313183,3.315931,3.301682,3.724831,0.0,1.109523,0.6036624,5.1992,5.22466,0.8853715
2025-08-19T09:33:10.209695,0.00433455,0.6753436,0.3474311,0.2849716,0.00018315,0.0,0.1649322,0.00292779,0.292779,0.0730398,0.0105006,6.37602,0.8011714,0.8032959,1.10586,1.809034,3.314099,3.313183,3.311889,3.730399,0.0,1.109156,0.6029298,5.20322,5.1925,0.8781188
2025-08-19T09:33:11.247691,0.0052503,0.6753436,0.3474311,0.2810678,0.00018315,0.0,0.166884,0.00292779,0.2722845,0.0142158,0.0106227,6.50997,0.8011714,0.802197,1.109156,1.808057,3.313183,3.316846,3.311889,3.741535,0.0,1.113552,0.6010983,5.20054,5.21126,0.8783874
2025-08-19T09:33:12.278564,0.00482295,0.6851029,0.3786608,0.2830197,0.00018315,0.0,0.1561488,0.00292779,0.237151,0.07353001,0.0106227,6.34923,0.8017574,0.8025633,1.106959,1.806592,3.312268,3.315015,3.307249,3.722976,0.0,1.107325,0.6051276,5.1925,5.19116,0.8778502
2025-08-19T09:33:13.307686,0.00506715,0.5621357,0.3571904,0.2713085,6.105e-05,0.0,0.1581007,0.00195186,0.03025383,0.0,0.0105006,3.96492,0.8011714,0.802197,1.10586,1.809522,3.313183,3.315931,3.309105,3.741535,0.0,1.106959,0.6040287,5.19786,5.20456,0.8762386
2025-08-19T09:33:14.339616,0.0054945,0.6714398,0.3474311,0.2859475,0.0,0.0,0.1639562,0.00390372,0.3054661,0.0299022,0.0105006,6.21528,0.8011714,0.8036622,1.104394,1.808545,3.313183,3.316846,3.319313,3.723903,0.0,1.107325,0.6029298,5.1992,5.20054,0.876507
2025-08-19T09:33:15.370096,0.0053724,0.6811991,0.3454792,0.2820438,0.0,0.0,0.1600525,0.00195186,0.2732604,0.0730398,0.0106227,6.11705,0.8011714,0.8018308,1.107325,1.809034,3.313183,3.316846,3.311889,3.724831,0.0,1.113552,0.6040287,5.20054,5.20322,0.8783874
2025-08-19T09:33:16.402047,0.00518925,0.5621357,0.348407,0.2713085,0.0,0.0,0.1561488,0.0,0.05270022,0.0696084,0.0106227,4.42035,0.8011714,0.8029296,1.108058,1.808545,3.313183,3.316846,3.309105,3.724831,0.0,1.104394,0.6032961,5.20322,5.1992,0.8786561
2025-08-19T09:33:17.435902,0.00518925,0.5621357,0.3454792,0.2693567,0.00018315,0.0,0.1610285,0.00195186,0.03513348,0.0,0.0108669,4.34891,0.8017574,0.8029296,1.104394,1.809522,3.314099,3.316846,3.311889,3.726687,0.0,1.105127,0.6040287,5.1992,5.20188,0.876507
2025-08-19T09:33:18.465022,0.0058608,0.6753436,0.3454792,0.2800919,0.00018315,0.0,0.1590766,0.00390372,0.2693567,0.07254961,0.0107448,5.99203,0.8011714,0.802197,1.106959,1.808545,3.313183,3.315931,3.357359,3.724831,0.0,1.10586,0.6010983,5.1992,5.1992,0.8770444
2025-08-19T09:33:19.495092,0.00506715,0.6841269,0.3454792,0.2859475,0.00018315,0.0,0.1590766,0.0,0.2713085,0.0651966,0.0107448,6.20635,0.8011714,0.802197,1.107691,1.808057,3.314099,3.314099,3.311889,3.722048,0.0,1.104394,0.6036624,5.19652,5.19116,0.8783874
2025-08-19T09:33:20.523498,0.00482295,0.5631116,0.3445033,0.2683808,6.105e-05,0.0,0.1620044,0.00195186,0.03318162,0.0,0.0107448,4.48286,0.8011714,0.8010981,1.107691,1.808057,3.314099,3.315931,3.311889,3.733183,0.0,1.106226,0.6040287,5.20054,5.19786,0.8791933
2025-08-19T09:33:21.552770,0.00531135,0.5611597,0.3445033,0.2732604,6.105e-05,0.0,0.1659081,0.00195186,0.06929103,0.0,0.0106227,4.31319,0.8011714,0.8025633,1.106959,1.809034,3.313183,3.315931,3.326736,3.724831,0.0,1.10879,0.6025635,5.20322,5.20054,0.8762386
2025-08-19T09:33:22.580724,0.0053724,0.5923895,0.3464552,0.2752123,6.105e-05,0.0,0.1581007,0.00195186,0.2996105,0.0,0.0106227,5.70627,0.8014645,0.8018308,1.106959,1.808545,3.312268,3.316846,3.309105,3.723903,0.0,1.112453,0.6040287,5.20858,5.19652,0.8810737
2025-08-19T09:33:23.611613,0.0058608,0.558232,0.3425514,0.2703326,0.00018315,0.0,0.1688359,0.00097593,0.02830197,0.0,0.0107448,4.465,0.8014645,0.8018308,1.10586,1.808057,3.314099,3.316846,3.307249,3.722976,0.0,1.10879,0.6036624,5.19786,5.22064,0.8810737
2025-08-19T09:33:24.639314,0.0053724,0.5757987,0.3689016,0.2693567,6.105e-05,0.0,0.1639562,0.00390372,0.1180875,0.0,0.0106227,5.36693,0.8011714,0.8029296,1.107325,1.808545,3.313183,3.316846,3.308177,3.724831,0.0,1.110622,0.6065928,5.207239,5.21528,0.8778502
2025-08-19T09:33:25.664248,0.00506715,0.5601838,0.3454792,0.2703326,6.105e-05,0.0,0.1737155,0.00390372,0.03513348,0.0,0.0105006,4.43821,0.8011714,0.802197,1.106226,1.809034,3.313183,3.315015,3.319313,3.726687,0.0,1.106959,0.6025635,5.20992,5.2059,0.8789246
2025-08-19T09:33:26.693964,0.0051282,0.6870547,0.3591422,0.2849716,6.105e-05,0.0,0.1639562,0.00292779,0.1014967,0.0754908,0.0106227,6.30458,0.8017574,0.8025633,1.10586,1.808545,3.315015,3.310436,3.355503,3.725759,0.0,1.105127,0.6036624,5.20456,5.207239,0.8740894
2025-08-19T09:33:27.723193,0.0052503,0.6636324,0.3581663,0.2810678,0.00018315,0.0,0.1581007,0.00195186,0.2820438,0.0720594,0.010989,6.35816,0.8017574,0.8014644,1.106959,1.809034,3.313183,3.315931,3.309105,3.724831,0.0,1.114285,0.6040287,5.20322,5.21394,0.8781188
2025-08-19T09:33:28.752712,0.0047619,0.6753436,0.3474311,0.2878993,6.105e-05,0.0,0.1581007,0.00195186,0.2830197,0.0598044,0.0107448,6.17956,0.8002922,0.8025633,1.107325,1.809522,3.313183,3.314099,3.319313,3.724831,0.0,1.107691,0.6021972,5.20322,5.19786,0.876507
2025-08-19T09:33:29.784627,0.00482295,0.5592079,0.3454792,0.2683808,6.105e-05,0.0,0.1639562,0.00097593,0.2976587,0.0,0.0106227,4.41142,0.8005854,0.802197,1.106226,1.809034,3.314099,3.314099,3.357359,3.723903,0.0,1.106959,0.604395,5.20322,5.20456,0.8762386
2025-08-19T09:33:30.814927,0.00506715,0.6704639,0.3474311,0.2830197,6.105e-05,0.0,0.1590766,0.00097593,0.2498381,0.0,0.0107448,6.21528,0.8008783,0.8058601,1.106959,1.808057,3.314099,3.316846,3.308177,3.724831,0.0,1.106226,0.6032961,5.20992,5.19786,0.876507
2025-08-19T09:33:31.849600,0.00506715,0.6811991,0.3474311,0.2839956,0.0,0.0,0.16786,0.00487965,0.2732604,0.061275,0.0112332,6.09026,0.8005854,0.802197,1.107691,1.808057,3.311352,3.316846,3.319313,3.727615,0.0,1.108424,0.6003657,5.19786,5.18982,0.8770444
2025-08-19T09:33:32.878664,0.00506715,0.5601838,0.3454792,0.2703326,0.00018315,0.0,0.1620044,0.00292779,0.03610941,0.0,0.010989,4.39356,0.8014645,0.802197,1.107691,1.81001,3.313183,3.316846,3.307249,3.741535,0.0,1.113552,0.6036624,5.20054,5.19786,0.8775815
2025-08-19T09:33:33.911778,0.00506715,0.6802233,0.3474311,0.2820438,6.105e-05,0.0,0.1600525,0.00195186,0.306442,0.0210786,0.0107448,6.08133,0.8002922,0.8010981,1.106959,1.810499,3.314099,3.314099,3.357359,3.724831,0.0,1.10879,0.6051276,5.20054,5.1992,0.8794619
2025-08-19T09:33:34.941859,0.0058608,0.5631116,0.348407,0.2849716,6.105e-05,0.0,0.1639562,0.00097593,0.05562801,0.0,0.0107448,4.33998,0.8017574,0.8014644,1.106959,1.808057,3.310436,3.314099,3.307249,3.733183,0.0,1.108424,0.604395,5.1992,5.2059,0.8783874
2025-08-19T09:33:35.972184,0.0047619,0.5621357,0.3464552,0.2674048,6.105e-05,0.0,0.1600525,0.00390372,0.03415755,0.0,0.0107448,4.39356,0.8017574,0.8010981,1.10586,1.810987,3.314099,3.315015,3.313745,3.726687,0.0,1.107325,0.6032961,5.19652,5.19786,0.8832226
2025-08-19T09:33:36.997907,0.0058608,0.5611597,0.3435274,0.2781401,6.105e-05,0.0,0.1639562,0.00195186,0.03610941,0.0,0.0105006,5.84915,0.8011714,0.8014644,1.108058,1.809034,3.313183,3.315015,3.311889,3.723903,0.0,1.101464,0.6065928,5.22064,5.20992,0.8778502
2025-08-19T09:33:38.032641,0.00518925,0.5806784,0.3474311,0.2752123,6.105e-05,0.0,0.181523,0.0,0.1659081,0.029412,0.0107448,5.76878,0.8008783,0.8010981,1.107691,1.81001,3.314099,3.314099,3.355503,3.725759,0.0,1.110988,0.6036624,5.21126,5.20322,0.8799991
2025-08-19T09:33:39.059716,0.00494505,0.5670154,0.36207,0.2713085,6.105e-05,0.0,0.1600525,0.00292779,0.03318162,0.0068628,0.0106227,4.53644,0.8011714,0.8032959,1.107691,1.809034,3.314099,3.314099,3.307249,3.723903,0.0,1.10586,0.6040287,5.22064,5.20456,0.8781188
2025-08-19T09:33:40.095546,0.00531135,0.627523,0.3464552,0.2732604,6.105e-05,0.0,0.1581007,0.00097593,0.139558,0.0088236,0.0107448,5.50088,0.8014645,0.802197,1.108058,1.808057,3.314099,3.314099,3.309105,3.726687,0.0,1.105494,0.6018309,5.1925,5.21528,0.8778502
2025-08-19T09:33:41.123935,0.00482295,0.5699431,0.3474311,0.2810678,6.105e-05,0.0,0.1581007,0.00195186,0.08978556,0.0093138,0.0106227,6.04561,0.8008783,0.8010981,1.10586,1.810987,3.313183,3.315015,3.313745,3.725759,0.0,1.108424,0.6047613,5.20054,5.20054,0.8789246
2025-08-19T09:33:42.149765,0.0052503,0.6841269,0.3464552,0.2849716,6.105e-05,0.0,0.1610285,0.0,0.2761882,0.0681378,0.0107448,6.0724,0.8008783,0.8018308,1.108058,1.809034,3.315015,3.315015,3.307249,3.722976,0.0,1.113552,0.6036624,5.1925,5.20322,0.8770444
2025-08-19T09:33:43.175848,0.00543345,0.5631116,0.3454792,0.279116,6.105e-05,0.0,0.1629803,0.00292779,0.2908272,0.0,0.0101343,5.43837,0.8017574,0.8025633,1.104394,1.809034,3.313183,3.315931,3.308177,3.726687,0.0,1.107325,0.608058,5.21394,5.207239,0.8783874
2025-08-19T09:33:44.208364,0.0053724,0.6841269,0.3454792,0.2810678,0.0,0.0,0.1649322,0.00292779,0.2576455,0.0607848,0.0106227,6.08133,0.8017574,0.8018308,1.10586,1.808545,3.314099,3.315015,3.307249,3.726687,0.0,1.108424,0.6025635,5.1992,5.1992,0.8775815
2025-08-19T09:33:45.240742,0.0058608,0.558232,0.3474311,0.2713085,6.105e-05,0.0,0.1688359,0.00292779,0.0292779,0.0,0.0105006,4.38463,0.8017574,0.8029296,1.104394,1.809034,3.314099,3.314099,3.327664,3.727615,0.0,1.107325,0.6029298,5.20992,5.19518,0.876507
2025-08-19T09:33:46.371237,0.0050061,0.6714398,0.3454792,0.2800919,0.00018315,0.0,0.1600525,0.00195186,0.2430066,0.0745104,0.0101343,5.86701,0.8011714,0.8025633,1.106959,1.809522,3.314099,3.316846,3.302609,3.741535,0.0,1.106592,0.6036624,5.19786,5.1992,0.8789246
2025-08-19T09:33:47.401315,0.00604395,0.5631116,0.3454792,0.2693567,6.105e-05,0.0,0.1727396,0.00390372,0.0292779,0.0,0.0107448,4.31319,0.8011714,0.802197,1.106959,1.809522,3.313183,3.316846,3.327664,3.741535,0.0,1.108424,0.6040287,5.1992,5.207239,0.8794619
2025-08-19T09:33:48.426775,0.00506715,0.5767746,0.3474311,0.2771641,6.105e-05,0.0,0.1776193,0.00195186,0.1161357,0.0705888,0.0107448,5.42944,0.8008783,0.8014644,1.10879,1.809034,3.315015,3.314099,3.329521,3.724831,0.0,1.110988,0.6036624,5.21394,5.19786,0.8781188
2025-08-19T09:33:49.455111,0.0056166,0.6743678,0.3464552,0.2830197,0.00018315,0.0,0.1639562,0.0,0.2078731,0.0627456,0.0102564,6.21528,0.8008783,0.802197,1.107325,1.808545,3.314099,3.315015,3.331376,3.723903,0.0,1.106226,0.6003657,5.20188,5.20322,0.8759698
2025-08-19T09:33:50.487853,0.00555555,0.655825,0.3464552,0.2859475,6.105e-05,0.0,0.1610285,0.00097593,0.2898512,0.068628,0.0112332,6.04561,0.8011714,0.8025633,1.10879,1.808057,3.314099,3.313183,3.310033,3.745246,0.0,1.104028,0.6040287,5.20322,5.19518,0.8743581
2025-08-19T09:33:51.515725,0.00531135,0.5601838,0.3454792,0.2732604,6.105e-05,0.0,0.1990897,0.0,0.0390372,0.0,0.0107448,4.36677,0.8008783,0.8025633,1.108058,1.806592,3.313183,3.315015,3.309105,3.724831,0.0,1.104394,0.6040287,5.20456,5.1925,0.880805
2025-08-19T09:33:52.542637,0.0054945,0.6070285,0.3454792,0.2722845,6.105e-05,0.0,0.1581007,0.00097593,0.09564114,0.0004902,0.0106227,3.00048,0.8011714,0.8010981,1.10586,1.81001,3.314099,3.316846,3.307249,3.733183,0.0,1.107691,0.6036624,5.1992,5.19384,0.876507
2025-08-19T09:33:53.568982,0.0053724,0.6841269,0.3786608,0.2771641,6.105e-05,0.0,0.1600525,0.00195186,0.1200394,0.075981,0.0112332,4.41142,0.8017574,0.8036622,1.106959,1.808545,3.312268,3.314099,3.319313,3.724831,0.0,1.101464,0.6021972,5.2059,5.20054,0.8810737
2025-08-19T09:33:54.607663,0.00543345,0.6245952,0.3464552,0.2820438,6.105e-05,0.0,0.1561488,0.00195186,0.1005208,0.0,0.0107448,5.70627,0.8008783,0.8014644,1.10586,1.808545,3.314099,3.315015,3.327664,3.724831,0.0,1.111354,0.6054939,5.22198,5.21528,0.8789246
2025-08-19T09:33:55.633169,0.0058608,0.6714398,0.3445033,0.2810678,6.105e-05,0.0,0.1590766,0.00487965,0.2722845,0.0681378,0.0107448,6.01882,0.8017574,0.802197,1.106959,1.809034,3.313183,3.315931,3.319313,3.723903,0.0,1.107691,0.6040287,5.20054,5.18982,0.8786561
2025-08-19T09:33:56.670638,0.00555555,0.6880306,0.3464552,0.2820438,6.105e-05,0.0,0.1581007,0.00195186,0.2976587,0.061275,0.0106227,6.3403,0.8011714,0.8029296,1.108058,1.809034,3.312268,3.315015,3.308177,3.723903,0.0,1.113552,0.6018309,5.20322,5.20992,0.8762386
2025-08-19T09:33:57.698836,0.0053724,0.6597287,0.348407,0.2810678,0.0001221,0.0,0.1561488,0.0,0.2898512,0.075981,0.0106227,6.3403,0.8005854,0.802197,1.108058,1.809522,3.313183,3.315931,3.331376,3.726687,0.0,1.105127,0.6025635,5.20322,5.18982,0.8748954
2025-08-19T09:33:58.725733,0.0050061,0.6704639,0.348407,0.2800919,0.00018315,0.0,0.1590766,0.0,0.2849716,0.0607848,0.0106227,6.35816,0.8008783,0.8029296,1.106226,1.807568,3.313183,3.316846,3.319313,3.745246,0.0,1.10879,0.6047613,5.20322,5.19786,0.8740894
2025-08-19T09:33:59.754381,0.00531135,0.6880306,0.348407,0.2849716,0.00018315,0.0,0.1639562,0.00292779,0.2459344,0.0617652,0.0112332,6.3403,0.8008783,0.8003655,1.106226,1.807568,3.313183,3.314099,3.302609,3.724831,0.0,1.113552,0.6025635,5.207239,5.20054,0.8789246
2025-08-19T09:34:00.887019,0.00482295,0.5592079,0.3493829,0.279116,0.00018315,0.0,0.2449584,0.00292779,0.1005208,0.0029412,0.0103785,5.37586,0.8011714,0.8025633,1.108424,1.809522,3.313183,3.316846,3.313745,3.723903,0.0,1.108424,0.6036624,5.21528,5.19786,0.8781188
2025-08-19T09:34:01.920050,0.00433455,0.5650635,0.348407,0.2839956,0.00018315,0.0,0.1620044,0.0,0.2810678,0.0583338,0.0112332,4.87578,0.8005854,0.8018308,1.106226,1.804638,3.313183,3.315931,3.327664,3.741535,0.0,1.106226,0.604395,5.20858,5.21662,0.8789246
2025-08-19T09:34:02.955098,0.00482295,0.6890066,0.3464552,0.2839956,0.00018315,0.0,0.16786,0.00390372,0.2722845,0.07745161,0.010989,5.75092,0.8017574,0.8014644,1.108058,1.808057,3.313183,3.314099,3.319313,3.730399,0.0,1.109889,0.6036624,5.20992,5.207239,0.8778502
2025-08-19T09:34:03.982189,0.00506715,0.5611597,0.3806127,0.2693567,0.00018315,0.0,0.1629803,0.00195186,0.03220569,0.0,0.0107448,4.53644,0.8011714,0.8014644,1.10586,1.806592,3.314099,3.314099,3.307249,3.723903,0.0,1.107691,0.6040287,5.19786,5.19384,0.8770444
2025-08-19T09:34:05.013649,0.00506715,0.5787265,0.3474311,0.2693567,6.105e-05,0.0,0.1610285,0.0,0.05562801,0.0,0.0106227,2.89332,0.8017574,0.8018308,1.108058,1.809522,3.312268,3.315931,3.307249,3.726687,0.0,1.125274,0.6029298,5.20188,5.19518,0.8802678
2025-08-19T09:34:06.041943,0.0051282,0.6792473,0.3474311,0.279116,0.00018315,0.0,0.1659081,0.0,0.2742363,0.0764712,0.010989,6.20635,0.8008783,0.802197,1.104394,1.806592,3.314099,3.314099,3.357359,3.734111,0.0,1.106592,0.6036624,5.19786,5.20188,0.876507
2025-08-19T09:34:07.071583,0.00531135,0.5562801,0.3474311,0.2732604,6.105e-05,0.0,0.1590766,0.00292779,0.0292779,0.0,0.0105006,4.33105,0.8008783,0.802197,1.10586,1.809034,3.313183,3.316846,3.307249,3.724831,0.0,1.110255,0.6036624,5.20456,5.20054,0.8786561
2025-08-19T09:34:08.103782,0.0050061,0.6802233,0.3464552,0.279116,6.105e-05,0.0,0.1590766,0.00585558,0.2898512,0.0161766,0.0108669,6.66178,0.8011714,0.8029296,1.108058,1.806592,3.314099,3.314099,3.307249,3.733183,0.0,1.107325,0.6032961,5.20322,5.1992,0.8789246
2025-08-19T09:34:09.133579,0.004884,0.6714398,0.3454792,0.2830197,6.105e-05,0.0,0.1600525,0.00195186,0.2761882,0.068628,0.0105006,6.50997,0.8017574,0.8014644,1.107691,1.806592,3.312268,3.315931,3.313745,3.726687,0.0,1.109156,0.6029298,5.1992,5.20322,0.8783874
2025-08-19T09:34:10.161099,0.00531135,0.668512,0.3445033,0.2781401,6.105e-05,0.0,0.1737155,0.0,0.07709848,0.0431376,0.0106227,5.15261,0.8014645,0.802197,1.108058,1.809034,3.314099,3.314099,3.357359,3.748958,0.0,1.108058,0.6025635,5.20456,5.21394,0.8781188
2025-08-19T09:34:11.189860,0.00506715,0.5787265,0.3698775,0.2800919,6.105e-05,0.0,0.1620044,0.00292779,0.2878993,0.0,0.0107448,5.22405,0.8008783,0.8018308,1.107691,1.808545,3.315015,3.315931,3.313745,3.723903,0.0,1.113552,0.600732,5.19384,5.21796,0.8783874
2025-08-19T09:34:12.216048,0.0053724,0.6870547,0.3464552,0.2839956,0.00018315,0.0,0.1873786,0.00195186,0.2264158,0.0700986,0.0112332,6.09026,0.8017574,0.8029296,1.108058,1.809522,3.312268,3.315015,3.319313,3.724831,0.0,1.107691,0.6040287,5.19652,5.19652,0.8789246
2025-08-19T09:34:13.252794,0.0052503,0.5699431,0.3464552,0.2742363,0.00018315,0.0,0.1629803,0.00195186,0.05465208,0.0,0.0107448,4.86685,0.8011714,0.8010981,1.108058,1.809034,3.315015,3.315015,3.327664,3.724831,0.0,1.107325,0.6036624,5.20992,5.20992,0.8789246
2025-08-19T09:34:14.281876,0.00518925,0.6841269,0.3454792,0.2810678,0.0,0.0,0.1629803,0.00292779,0.2800919,0.0607848,0.0107448,6.152769,0.8011714,0.8014644,1.106959,1.809522,3.313183,3.314099,3.355503,3.726687,0.0,1.104394,0.6018309,5.1992,5.19384,0.8853715
2025-08-19T09:34:15.314959,0.0051282,0.5562801,0.3474311,0.2859475,6.105e-05,0.0,0.1620044,0.00195186,0.3005864,0.0602946,0.0112332,4.2864,0.8011714,0.802197,1.107691,1.808545,3.314099,3.314099,3.307249,3.748958,0.0,1.113552,0.6058602,5.19786,5.2059,0.8810737
2025-08-19T09:34:16.341902,0.00482295,0.6792473,0.3474311,0.2722845,6.105e-05,0.0,0.1756674,0.0,0.3122976,0.0,0.0107448,3.75953,0.8011714,0.802197,1.107691,1.809034,3.313183,3.315015,3.357359,3.726687,0.0,1.109889,0.6018309,5.24074,5.21528,0.8781188
2025-08-19T09:34:17.368609,0.00518925,0.5601838,0.3454792,0.2693567,6.105e-05,0.0,0.1620044,0.00195186,0.0390372,0.0,0.0107448,4.67932,0.8002922,0.8018308,1.106592,1.808545,3.312268,3.314099,3.302609,3.724831,0.0,1.107325,0.6040287,5.20188,5.20456,0.8810737
2025-08-19T09:34:18.397646,0.00470085,0.6636324,0.3435274,0.2839956,6.105e-05,0.0,0.1571247,0.00487965,0.2761882,0.078432,0.0112332,5.77771,0.8017574,0.802197,1.106592,1.809034,3.313183,3.315015,3.327664,3.741535,0.0,1.104394,0.6040287,5.20054,5.20456,0.8775815
2025-08-19T09:34:19.429676,0.00494505,0.642162,0.3435274,0.2810678,6.105e-05,0.0,0.1610285,0.00195186,0.2420307,0.0705888,0.0108669,6.00096,0.8017574,0.8014644,1.105494,1.809034,3.314099,3.315015,3.327664,3.727615,0.0,1.105494,0.6018309,5.20858,5.1992,0.8789246
2025-08-19T09:34:20.464390,0.00506715,0.6714398,0.3454792,0.279116,0.00018315,0.0,0.1610285,0.0,0.2742363,0.0602946,0.0112332,6.24207,0.8011714,0.8018308,1.10586,1.809034,3.313183,3.315931,3.357359,3.75267,0.0,1.108058,0.604395,5.20992,5.2126,0.8679112
2025-08-19T09:34:21.495498,0.0050061,0.6704639,0.3493829,0.2810678,6.105e-05,0.0,0.1581007,0.00195186,0.2576455,0.0666672,0.0106227,6.28672,0.8017574,0.8018308,1.107691,1.809034,3.313183,3.316846,3.309105,3.741535,0.0,1.107691,0.6032961,5.20992,5.20456,0.8781188
2025-08-19T09:34:22.522210,0.0051282,0.5660394,0.3454792,0.2693567,6.105e-05,0.0,0.1610285,0.00292779,0.0292779,0.0,0.0108669,4.32212,0.8011714,0.8010981,1.106959,1.808545,3.314099,3.314099,3.307249,3.748958,0.0,1.10586,0.604395,5.20456,5.19518,0.8778502
2025-08-19T09:34:23.548449,0.0051282,0.6655843,0.3454792,0.2820438,6.105e-05,0.0,0.1610285,0.00195186,0.2888753,0.0681378,0.0106227,6.11705,0.8008783,0.8010981,1.106592,1.808545,3.315015,3.314099,3.313745,3.730399,0.0,1.104761,0.6040287,5.20456,5.20054,0.8791933
2025-08-19T09:34:24.574803,0.00506715,0.6704639,0.3464552,0.2859475,0.00018315,0.0,0.1590766,0.00195186,0.2732604,0.0617652,0.0106227,5.491949,0.8017574,0.802197,1.108058,1.809034,3.312268,3.315015,3.309105,3.723903,0.0,1.109523,0.6065928,5.2193,5.20992,0.8781188
2025-08-19T09:34:25.612869,0.00531135,0.558232,0.348407,0.2859475,6.105e-05,0.0,0.1600525,0.00195186,0.0390372,0.0,0.0107448,5.52767,0.8014645,0.8029296,1.106592,1.809522,3.314099,3.315015,3.357359,3.722976,0.0,1.107691,0.6054939,5.20992,5.19786,0.8813422
2025-08-19T09:34:26.642482,0.0053724,0.6792473,0.3445033,0.279116,6.105e-05,0.0,0.1610285,0.00195186,0.2556937,0.0607848,0.0107448,6.19742,0.8017574,0.8032959,1.108424,1.809034,3.313183,3.316846,3.309105,3.726687,0.0,1.106592,0.6036624,5.20456,5.20992,0.8778502
2025-08-19T09:34:27.675772,0.00482295,0.6851029,0.3474311,0.2810678,0.0,0.0,0.1776193,0.00292779,0.292779,0.0602946,0.0107448,5.74199,0.8011714,0.7996329,1.106226,1.809522,3.313183,3.314099,3.331376,3.729471,0.0,1.112453,0.6091569,5.19384,5.22064,0.8781188
2025-08-19T09:34:28.713071,0.00494505,0.6753436,0.3454792,0.2820438,6.105e-05,0.0,0.1571247,0.00195186,0.279116,0.029412,0.0107448,6.23314,0.8017574,0.802197,1.107691,1.808057,3.313183,3.315015,3.341584,3.723903,0.0,1.106592,0.604395,5.207239,5.1992,0.8810737
2025-08-19T09:34:29.740436,0.00494505,0.6733917,0.3464552,0.2810678,0.0,0.0,0.1590766,0.00292779,0.2732604,0.07254961,0.010989,6.33137,0.8008783,0.8029296,1.108058,1.809522,3.314099,3.314099,3.319313,3.724831,0.0,1.108058,0.6029298,5.19786,5.20858,0.8762386
2025-08-19T09:34:30.775994,0.0058608,0.6753436,0.3464552,0.2810678,0.00018315,0.0,0.1639562,0.00292779,0.2576455,0.0289218,0.0106227,5.20619,0.8014645,0.8036622,1.107325,1.806592,3.312268,3.314099,3.341584,3.740607,0.0,1.10879,0.6032961,5.20322,5.20456,0.8778502
2025-08-19T09:34:31.804448,0.0052503,0.6255712,0.3464552,0.2781401,6.105e-05,0.0,0.1971379,0.00292779,0.097593,0.0289218,0.0106227,4.44714,0.8008783,0.802197,1.106959,1.808545,3.310436,3.315015,3.319313,3.723903,0.0,1.113552,0.6065928,5.20992,5.20992,0.8783874
2025-08-19T09:34:32.834938,0.00518925,0.6489934,0.3464552,0.2869234,6.105e-05,0.0,0.1600525,0.00292779,0.2664289,0.0529416,0.0108669,6.09026,0.8005854,0.8029296,1.106959,1.806592,3.312268,3.314099,3.329521,3.740607,0.0,1.106226,0.604395,5.207239,5.1925,0.876507
2025-08-19T09:34:33.864629,0.0051282,0.5553042,0.376709,0.2713085,0.00018315,0.0,0.1590766,0.00097593,0.03415755,0.0,0.0107448,4.39356,0.8014645,0.8029296,1.107325,1.806592,3.314099,3.314099,3.319313,3.723903,0.0,1.105127,0.6036624,5.20188,5.20188,0.8775815
2025-08-19T09:34:34.893015,0.00543345,0.5592079,0.376709,0.2693567,6.105e-05,0.0,0.1620044,0.00195186,0.03025383,0.0750006,0.0105006,5.822359,0.8011714,0.8025633,1.106959,1.809034,3.312268,3.315931,3.311889,3.727615,0.0,1.105127,0.6032961,5.20456,5.1925,0.8778502
2025-08-19T09:34:35.925770,0.00506715,0.6782714,0.3474311,0.2869234,6.105e-05,0.0,0.1551729,0.00390372,0.1854267,0.0607848,0.010989,5.8938,0.8011714,0.8018308,1.106226,1.805615,3.314099,3.316846,3.328592,3.723903,0.0,1.108424,0.6036624,5.2059,5.1992,0.8799991
2025-08-19T09:34:36.960579,0.0047619,0.6753436,0.3454792,0.2703326,6.105e-05,0.0,0.1893304,0.00195186,0.03513348,0.0,0.0106227,4.79541,0.8011714,0.8010981,1.107691,1.809034,3.311352,3.314099,3.310033,3.726687,0.0,1.106226,0.6018309,5.20188,5.20456,0.8810737
2025-08-19T09:34:37.987981,0.00506715,0.5767746,0.3679256,0.2810678,0.00018315,0.0,0.1581007,0.00292779,0.09076149,0.0,0.0112332,4.54537,0.8008783,0.802197,1.106959,1.810499,3.313183,3.315015,3.329521,3.741535,0.0,1.107325,0.6036624,5.22332,5.20322,0.8775815
2025-08-19T09:34:39.014325,0.00592185,0.6841269,0.3474311,0.2800919,6.105e-05,0.0,0.1639562,0.0,0.2888753,0.0450984,0.0106227,6.00989,0.8002922,0.8029296,1.108058,1.808545,3.312268,3.314099,3.309105,3.741535,0.0,1.106592,0.6036624,5.207239,5.1992,0.8783874
2025-08-19T09:34:40.047223,0.00506715,0.6792473,0.3454792,0.2800919,6.105e-05,0.0,0.1600525,0.00390372,0.2986346,0.0764712,0.0105006,6.24207,0.8011714,0.8010981,1.108058,1.80708,3.314099,3.315931,3.308177,3.726687,0.0,1.10879,0.6025635,5.22064,5.20992,0.8770444
2025-08-19T09:34:41.074449,0.0051282,0.5933654,0.3464552,0.2830197,0.00018315,0.0,0.1620044,0.0,0.1171116,0.0044118,0.0112332,4.84006,0.8011714,0.802197,1.107325,1.809522,3.314099,3.315931,3.327664,3.723903,0.0,1.107325,0.6021972,5.21528,5.22064,0.8786561
2025-08-19T09:34:42.201274,0.00531135,0.6802233,0.3474311,0.2830197,6.105e-05,0.0,0.1620044,0.00195186,0.2966827,0.0696084,0.0107448,6.518899,0.8011714,0.8018308,1.108058,1.81001,3.314099,3.316846,3.319313,3.741535,0.0,1.109156,0.6003657,5.20992,5.20054,0.8781188
2025-08-19T09:34:43.228527,0.00482295,0.5631116,0.3464552,0.2800919,6.105e-05,0.0,0.1610285,0.0,0.1493173,0.06323581,0.0106227,5.83129,0.8002922,0.8010981,1.108058,1.808057,3.313183,3.314099,3.357359,3.723903,0.0,1.106592,0.6040287,5.20992,5.19384,0.8789246
2025-08-19T09:34:44.263630,0.00457875,0.6860789,0.3562145,0.2820438,6.105e-05,0.0,0.1629803,0.00195186,0.2898512,0.0681378,0.0101343,6.22421,0.8008783,0.8010981,1.104394,1.81001,3.315015,3.316846,3.309105,3.741535,0.0,1.10879,0.6036624,5.20992,5.20322,0.8789246
2025-08-19T09:34:45.297499,0.0053724,0.6811991,0.3454792,0.2810678,6.105e-05,0.0,0.1590766,0.00292779,0.2586215,0.061275,0.0108669,6.37602,0.8011714,0.8025633,1.107325,1.809522,3.313183,3.315015,3.357359,3.740607,0.0,1.105127,0.6036624,5.2193,5.20456,0.8781188
2025-08-19T09:34:46.339766,0.00506715,0.5787265,0.3445033,0.2810678,6.105e-05,0.0,0.166884,0.00292779,0.2430066,0.0,0.0106227,5.0008,0.8005854,0.8018308,1.106959,1.809034,3.315015,3.316846,3.308177,3.722048,0.0,1.106226,0.6040287,5.21126,5.19786,0.8789246
2025-08-19T09:34:47.368194,0.00592185,0.6802233,0.3464552,0.2830197,6.105e-05,0.0,0.1600525,0.00097593,0.2742363,0.078432,0.0107448,6.35816,0.8002922,0.8036622,1.106959,1.809034,3.314099,3.314099,3.307249,3.724831,0.0,1.107325,0.604395,5.19786,5.20456,0.876507
2025-08-19T09:34:48.393222,0.00494505,0.655825,0.3445033,0.2859475,6.105e-05,0.0,0.1561488,0.00195186,0.2420307,0.0607848,0.0108669,6.36709,0.8011714,0.8025633,1.108058,1.808057,3.314099,3.314099,3.329521,3.748958,0.0,1.108424,0.6032961,5.207239,5.22332,0.8783874
2025-08-19T09:34:49.419437,0.00494505,0.5601838,0.3454792,0.2683808,0.00018315,0.0,0.1590766,0.0,0.03610941,0.0,0.0106227,3.7506,0.8011714,0.8018308,1.107691,1.809034,3.313183,3.315015,3.311889,3.726687,0.0,1.113918,0.6065928,5.20456,5.1992,0.8778502
2025-08-19T09:34:50.449659,0.00482295,0.5611597,0.3454792,0.2810678,6.105e-05,0.0,0.1629803,0.00292779,0.2888753,0.0,0.0101343,4.33998,0.8008783,0.8014644,1.107691,1.809034,3.312268,3.315015,3.327664,3.741535,0.0,1.104394,0.6018309,5.207239,5.20858,0.8799991
2025-08-19T09:34:51.476514,0.0053724,0.6031247,0.3454792,0.2800919,6.105e-05,0.0,0.1620044,0.00292779,0.2556937,0.0044118,0.0108669,5.61697,0.8008783,0.8018308,1.108058,1.809522,3.311352,3.314099,3.309105,3.722048,0.0,1.104394,0.6073254,5.21528,5.20992,0.8783874
2025-08-19T09:34:52.509259,0.00470085,0.6753436,0.348407,0.2839956,6.105e-05,0.0,0.1600525,0.00097593,0.2420307,0.0607848,0.010989,6.20635,0.8011714,0.802197,1.106959,1.809522,3.313183,3.314099,3.327664,3.723903,0.0,1.114651,0.6032961,5.21394,5.1992,0.8789246
2025-08-19T09:34:53.537837,0.00506715,0.6714398,0.348407,0.2839956,6.105e-05,0.0,0.1746915,0.00195186,0.3044902,0.0764712,0.010989,6.32244,0.8011714,0.8014644,1.108058,1.806592,3.315015,3.315015,3.309105,3.740607,0.0,1.10586,0.6036624,5.22466,5.19786,0.8794619
2025-08-19T09:34:54.564723,0.00482295,0.5592079,0.3445033,0.2713085,6.105e-05,0.0,0.1639562,0.00097593,0.03415755,0.002451,0.0107448,4.3757,0.8011714,0.8010981,1.107691,1.809034,3.314099,3.316846,3.311889,3.722048,0.0,1.110255,0.6073254,5.21394,5.21394,0.8781188
2025-08-19T09:34:55.696623,0.00494505,0.6714398,0.3474311,0.2888753,6.105e-05,0.0,0.1600525,0.00097593,0.3191291,0.0769614,0.0108669,6.34923,0.8011714,0.8025633,1.107691,1.809522,3.314099,3.314099,3.327664,3.741535,0.0,1.105127,0.6025635,5.20456,5.22198,0.8743581
2025-08-19T09:34:56.725403,0.0050061,0.5816543,0.3464552,0.2761882,6.105e-05,0.0,0.1649322,0.00292779,0.08588185,0.0,0.0106227,4.83113,0.8008783,0.8029296,1.104394,1.809034,3.315015,3.315931,3.309105,3.725759,0.0,1.110988,0.6058602,5.21394,5.22064,0.8797306
2025-08-19T09:34:57.760880,0.0051282,0.6724158,0.3464552,0.2839956,6.105e-05,0.0,0.1590766,0.00195186,0.2878993,0.0691182,0.0106227,6.50997,0.8002922,0.8025633,1.10586,1.81001,3.312268,3.313183,3.311889,3.723903,0.0,1.113552,0.6018309,5.20992,5.1925,0.8775815
2025-08-19T09:34:58.794937,0.00494505,0.6714398,0.3445033,0.2849716,6.105e-05,0.0,0.1639562,0.00292779,0.2674048,0.0176472,0.010989,6.25993,0.8008783,0.8010981,1.104394,1.809522,3.313183,3.316846,3.333232,3.722976,0.0,1.104394,0.6003657,5.1992,5.20992,0.8794619
2025-08-19T09:34:59.820635,0.00518925,0.5631116,0.3464552,0.2703326,0.0,0.0,0.1639562,0.0,0.0390372,0.0,0.0108669,4.43821,0.8017574,0.802197,1.104394,1.806592,3.310436,3.315015,3.327664,3.726687,0.0,1.104394,0.6051276,5.207239,5.19384,0.8759698
2025-08-19T09:35:00.950911,0.0053724,0.6099563,0.3474311,0.2742363,0.00018315,0.0,0.1649322,0.00292779,0.1171116,0.0387258,0.0105006,5.36693,0.8002922,0.8018308,1.106959,1.809522,3.312268,3.316846,3.310033,3.727615,0.0,1.110255,0.6036624,5.20992,5.20858,0.8781188
2025-08-19T09:35:01.977993,0.0053724,0.6011729,0.3454792,0.2742363,6.105e-05,0.0,0.2615492,0.00097593,0.09466522,0.0063726,0.0107448,5.46516,0.8008783,0.8018308,1.109156,1.808057,3.313183,3.316846,3.319313,3.722976,0.0,1.112087,0.600732,5.21394,5.207239,0.8783874
2025-08-19T09:35:03.013418,0.0053724,0.5787265,0.3445033,0.2781401,0.00018315,0.0,0.1639562,0.00390372,0.2117768,0.0009804,0.0106227,5.42944,0.8002922,0.8025633,1.107691,1.809522,3.313183,3.314099,3.331376,3.724831,0.0,1.112087,0.6065928,5.2126,5.20456,0.8786561
2025-08-19T09:35:04.048587,0.0053724,0.6714398,0.3454792,0.2839956,6.105e-05,0.0,0.1639562,0.00097593,0.2722845,0.0681378,0.0106227,6.35816,0.8011714,0.8010981,1.105494,1.809034,3.314099,3.315931,3.308177,3.726687,0.0,1.106592,0.6036624,5.20992,5.207239,0.8791933
2025-08-19T09:35:05.076632,0.0053724,0.5738469,0.3464552,0.2771641,6.105e-05,0.0,0.1600525,0.00195186,0.06636324,0.0,0.0108669,5.38479,0.8008783,0.8018308,1.108058,1.809034,3.312268,3.315015,3.309105,3.720192,0.0,1.109889,0.6065928,5.2126,5.21126,0.8781188
2025-08-19T09:35:06.103119,0.0053724,0.5601838,0.3454792,0.2800919,6.105e-05,0.0,0.1600525,0.0,0.03806127,0.0,0.0106227,4.3757,0.8011714,0.802197,1.106226,1.809034,3.314099,3.315015,3.313745,3.726687,0.0,1.104394,0.6018309,5.20992,5.20456,0.8789246
2025-08-19T09:35:07.128807,0.0052503,0.5660394,0.3571904,0.2849716,0.00018315,0.0,0.1581007,0.0,0.05465208,0.0,0.0107448,4.74183,0.8011714,0.8010981,1.107691,1.809034,3.315015,3.315015,3.308177,3.723903,0.0,1.113918,0.6036624,5.21394,5.20456,0.8783874
2025-08-19T09:35:08.155327,0.00506715,0.6841269,0.3659738,0.2781401,6.105e-05,0.0,0.1620044,0.00390372,0.2859475,0.0656868,0.0107448,5.22405,0.8017574,0.8029296,1.107691,1.809034,3.314099,3.316846,3.327664,3.722048,0.0,1.105127,0.6040287,5.20322,5.19518,0.8789246
2025-08-19T09:35:09.187774,0.00482295,0.5601838,0.3464552,0.2820438,0.00018315,0.0,0.1561488,0.00292779,0.04098906,0.0,0.0112332,4.42035,0.8011714,0.8010981,1.104394,1.809522,3.314099,3.315015,3.327664,3.729471,0.0,1.113552,0.604395,5.19652,5.19786,0.8799991
2025-08-19T09:35:10.217087,0.0054945,0.6802233,0.3445033,0.2849716,6.105e-05,0.0,0.1610285,0.00195186,0.265453,0.0720594,0.0107448,6.17956,0.8017574,0.8025633,1.104394,1.81001,3.313183,3.315931,3.312817,3.724831,0.0,1.109156,0.6032961,5.21394,5.207239,0.8773129
2025-08-19T09:35:11.247693,0.0058608,0.5650635,0.3493829,0.2732604,0.00018315,0.0,0.2137287,0.00195186,0.1493173,0.06323581,0.0107448,4.44714,0.8011714,0.8018308,1.106959,1.810987,3.314099,3.315931,3.357359,3.723903,0.0,1.111354,0.6021972,5.226,5.2193,0.8781188
2025-08-19T09:35:12.277021,0.00531135,0.557256,0.3464552,0.2732604,0.00018315,0.0,0.1639562,0.00292779,0.03122976,0.0,0.0106227,4.47393,0.8011714,0.8029296,1.107691,1.809034,3.314099,3.315015,3.319313,3.724831,0.0,1.10879,0.6029298,5.20456,5.19786,0.8799991
2025-08-19T09:35:13.308854,0.00506715,0.5621357,0.3474311,0.2742363,6.105e-05,0.0,0.1659081,0.00195186,0.03122976,0.0,0.0101343,4.83113,0.8011714,0.8010981,1.106959,1.809034,3.315015,3.315015,3.357359,3.720192,0.0,1.108424,0.6018309,5.20322,5.22332,0.8799991
2025-08-19T09:35:14.337608,0.00506715,0.6714398,0.3445033,0.2820438,6.105e-05,0.0,0.166884,0.00292779,0.265453,0.0602946,0.0106227,6.34923,0.8011714,0.8029296,1.106959,1.810987,3.312268,3.315931,3.302609,3.722976,0.0,1.107691,0.6036624,5.20456,5.20858,0.8762386
2025-08-19T09:35:15.367900,0.00506715,0.683151,0.376709,0.2810678,6.105e-05,0.0,0.1610285,0.00097593,0.2908272,0.0779418,0.0101343,6.25993,0.8017574,0.8014644,1.107691,1.808545,3.315015,3.315015,3.308177,3.724831,0.0,1.109156,0.604395,5.20188,5.19786,0.8773129
2025-08-19T09:35:16.397939,0.00482295,0.683151,0.3464552,0.279116,0.00018315,0.0,0.1571247,0.00195186,0.2752123,0.0617652,0.0106227,6.36709,0.8002922,0.7996329,1.106959,1.808545,3.312268,3.316846,3.340656,3.724831,0.0,1.106592,0.6040287,5.1992,5.19786,0.8794619
2025-08-19T09:35:17.429779,0.0058608,0.5621357,0.3464552,0.2752123,6.105e-05,0.0,0.1610285,0.00195186,0.03318162,0.0,0.0106227,4.42928,0.8011714,0.802197,1.10586,1.808545,3.314099,3.315015,3.309105,3.730399,0.0,1.107325,0.6040287,5.20054,5.1992,0.8799991
2025-08-19T09:35:18.460060,0.00531135,0.6811991,0.3464552,0.2849716,6.105e-05,0.0,0.1600525,0.00097593,0.2752123,0.058824,0.0107448,6.56355,0.8017574,0.8029296,1.107691,1.809034,3.314099,3.315931,3.309105,3.72112,0.0,1.116482,0.6018309,5.1992,5.20054,0.8778502
2025-08-19T09:35:19.487470,0.00506715,0.6841269,0.3464552,0.2888753,0.0001221,0.0,0.1600525,0.00292779,0.2674048,0.0867654,0.0112332,6.313509,0.8008783,0.8029296,1.107325,1.807568,3.313183,3.316846,3.307249,3.756382,0.0,1.108424,0.6025635,5.25012,5.19786,0.8789246
2025-08-19T09:35:20.515707,0.004884,0.5670154,0.3445033,0.2713085,6.105e-05,0.0,0.1649322,0.00390372,0.03415755,0.0,0.0105006,4.3757,0.8011714,0.7996329,1.108058,1.808545,3.313183,3.316846,3.329521,3.741535,0.0,1.108424,0.6040287,5.20456,5.1992,0.876507
2025-08-19T09:35:21.544179,0.0058608,0.6743678,0.3464552,0.2820438,0.00018315,0.0,0.1688359,0.00292779,0.2586215,0.0745104,0.0108669,6.23314,0.8011714,0.8029296,1.106959,1.81001,3.313183,3.315015,3.309105,3.729471,0.0,1.107691,0.604395,5.20188,5.19652,0.8791933
2025-08-19T09:35:22.572794,0.0047619,0.5592079,0.3474311,0.2703326,0.0001221,0.0,0.1649322,0.00097593,0.03610941,0.0,0.0108669,5.822359,0.8008783,0.8029296,1.106959,1.804638,3.315015,3.314099,3.307249,3.724831,0.0,1.105127,0.604395,5.21126,5.1992,0.8773129
2025-08-19T09:35:23.599633,0.00543345,0.5592079,0.3454792,0.2683808,0.0,0.0,0.1610285,0.00195186,0.306442,0.0,0.010989,4.465,0.8017574,0.8018308,1.107691,1.809034,3.313183,3.315931,3.310033,3.726687,0.0,1.10879,0.6040287,5.20992,5.20188,0.8786561
2025-08-19T09:35:24.628619,0.00506715,0.6519213,0.3464552,0.2849716,0.00018315,0.0,0.1717637,0.0,0.1337024,0.0093138,0.0106227,5.20619,0.8014645,0.802197,1.106226,1.809034,3.313183,3.315015,3.318385,3.733183,0.0,1.11282,0.6025635,5.20322,5.22064,0.8681798
2025-08-19T09:35:25.659922,0.0058608,0.5699431,0.3669497,0.2722845,0.00018315,0.0,0.1629803,0.00390372,0.03318162,0.0,0.0106227,4.36677,0.8011714,0.8025633,1.106959,1.809034,3.313183,3.315931,3.326736,3.724831,0.0,1.108424,0.6036624,5.207239,5.21126,0.8783874
2025-08-19T09:35:26.690798,0.0050061,0.683151,0.3464552,0.279116,6.105e-05,0.0,0.1610285,0.00195186,0.2742363,0.0617652,0.0106227,6.501039,0.8017574,0.802197,1.108424,1.808545,3.314099,3.315931,3.314673,3.725759,0.0,1.104394,0.6036624,5.21126,5.1992,0.8805364
2025-08-19T09:35:27.721446,0.0053724,0.6772955,0.3454792,0.2810678,0.00018315,0.0,0.1561488,0.0,0.2430066,0.0651966,0.0108669,6.501039,0.8017574,0.8018308,1.107691,1.809034,3.314099,3.315931,3.327664,3.740607,0.0,1.10586,0.6025635,5.207239,5.19786,0.8789246
2025-08-19T09:35:28.750659,0.00531135,0.6665602,0.3445033,0.2800919,6.105e-05,0.0,0.1590766,0.00292779,0.2674048,0.0617652,0.0108669,6.35816,0.8005854,0.8018308,1.106959,1.807568,3.314099,3.315931,3.309105,3.722048,0.0,1.107691,0.6018309,5.20322,5.20188,0.8770444
2025-08-19T09:35:29.781793,0.00506715,0.668512,0.3464552,0.2781401,6.105e-05,0.0,0.1649322,0.00390372,0.2888753,0.0764712,0.0108669,6.33137,0.8008783,0.802197,1.106959,1.810499,3.313183,3.316846,3.307249,3.741535,0.0,1.107691,0.6036624,5.19786,5.19384,0.8778502
2025-08-19T09:35:30.915971,0.0058608,0.5904376,0.348407,0.2849716,0.00018315,0.0,0.1688359,0.00097593,0.08880963,0.0078432,0.0105006,5.4473,0.8008783,0.8029296,1.10586,1.808545,3.313183,3.315015,3.309105,3.726687,0.0,1.110622,0.6032961,5.2193,5.21662,0.8781188
2025-08-19T09:35:31.941411,0.0052503,0.6655843,0.3493829,0.2830197,6.105e-05,0.0,0.181523,0.00097593,0.292779,0.0691182,0.0105006,6.49211,0.8008783,0.7996329,1.106226,1.809034,3.314099,3.315015,3.307249,3.72112,0.0,1.107691,0.6065928,5.21126,5.1992,0.8781188
2025-08-19T09:35:32.969176,0.0058608,0.6236192,0.3503589,0.2713085,6.105e-05,0.0,0.1610285,0.00097593,0.08685777,0.0,0.0106227,5.52767,0.8011714,0.802197,1.108058,1.809034,3.313183,3.316846,3.319313,3.740607,0.0,1.113552,0.6065928,5.2126,5.20456,0.8789246
2025-08-19T09:35:33.998814,0.00482295,0.669488,0.3464552,0.2810678,6.105e-05,0.0,0.1581007,0.00195186,0.2752123,0.0764712,0.010989,6.23314,0.8011714,0.8025633,1.108058,1.809034,3.314099,3.315015,3.313745,3.725759,0.0,1.108424,0.6018309,5.20188,5.207239,0.8775815
2025-08-19T09:35:35.026651,0.0053724,0.6772955,0.348407,0.2839956,0.00018315,0.0,0.1756674,0.0,0.2830197,0.0617652,0.0103785,6.02775,0.8002922,0.8018308,1.107691,1.809034,3.314099,3.315015,3.357359,3.748958,0.0,1.113552,0.6040287,5.20054,5.20992,0.8794619
2025-08-19T09:35:36.058261,0.00482295,0.5621357,0.3454792,0.2820438,0.00018315,0.0,0.16786,0.0,0.306442,0.0,0.0103785,4.53644,0.8011714,0.802197,1.107691,1.809034,3.313183,3.315015,3.309105,3.723903,0.0,1.108424,0.6051276,5.2059,5.18714,0.8791933
2025-08-19T09:35:37.089996,0.0050061,0.6714398,0.3464552,0.2830197,0.00018315,0.0,0.1620044,0.00390372,0.3054661,0.0607848,0.0107448,6.09026,0.8011714,0.8029296,1.106959,1.809034,3.314099,3.315931,3.307249,3.741535,0.0,1.110622,0.6040287,5.1992,5.19786,0.876507
2025-08-19T09:35:38.126061,0.00482295,0.6782714,0.3679256,0.2830197,0.0,0.0,0.1629803,0.00195186,0.3015624,0.0534318,0.0106227,6.52783,0.8008783,0.8025633,1.107325,1.804638,3.314099,3.314099,3.357359,3.726687,0.0,1.106226,0.6036624,5.20456,5.19786,0.8786561
2025-08-19T09:35:39.156598,0.0052503,0.6714398,0.3679256,0.2820438,6.105e-05,0.0,0.1590766,0.00195186,0.2117768,0.0740202,0.0105006,6.0724,0.8008783,0.802197,1.108058,1.808545,3.314099,3.314099,3.307249,3.724831,0.0,1.113552,0.6032961,5.20322,5.1992,0.876507
2025-08-19T09:35:40.182853,0.0058608,0.6890066,0.3669497,0.2830197,6.105e-05,0.0,0.2147046,0.0,0.3054661,0.07254961,0.0105006,5.85808,0.8011714,0.8014644,1.10586,1.808545,3.313183,3.312268,3.331376,3.741535,0.0,1.108424,0.6003657,5.20992,5.20054,0.8783874
2025-08-19T09:35:41.215860,0.00518925,0.6607046,0.3454792,0.2859475,0.00018315,0.0,0.1581007,0.00292779,0.2888753,0.0299022,0.0107448,6.18849,0.8008783,0.8010981,1.107691,1.809522,3.312268,3.314099,3.304465,3.726687,0.0,1.106592,0.6036624,5.21528,5.19652,0.8762386
2025-08-19T09:35:42.243877,0.00531135,0.6782714,0.3474311,0.2810678,0.00018315,0.0,0.1620044,0.00097593,0.2732604,0.0740202,0.0103785,6.63499,0.8011714,0.8025633,1.106959,1.81001,3.311352,3.314099,3.313745,3.726687,0.0,1.109523,0.604395,5.20188,5.19786,0.8789246
2025-08-19T09:35:43.270715,0.0058608,0.6792473,0.3474311,0.2810678,6.105e-05,0.0,0.1551729,0.0,0.2878993,0.0607848,0.0106227,5.60804,0.8005854,0.8018308,1.108058,1.809034,3.314099,3.314099,3.327664,3.745246,0.0,1.102929,0.6036624,5.20456,5.20992,0.8791933
2025-08-19T09:35:44.302558,0.0050061,0.6011729,0.3445033,0.2732604,0.00018315,0.0,0.1590766,0.00390372,0.04098906,0.0,0.0101343,4.47393,0.8011714,0.802197,1.107691,1.810499,3.313183,3.314099,3.311889,3.728543,0.0,1.113552,0.6029298,5.20054,5.19786,0.8810737
2025-08-19T09:35:45.334378,0.00518925,0.6782714,0.3445033,0.2830197,6.105e-05,0.0,0.1698118,0.00195186,0.3035142,0.07745161,0.0107448,6.06347,0.8017574,0.8018308,1.107691,1.806592,3.314099,3.314099,3.333232,3.748958,0.0,1.108424,0.6032961,5.20992,5.22064,0.8791933
2025-08-19T09:35:46.365835,0.00482295,0.5631116,0.3659738,0.2781401,0.00018315,0.0,0.1629803,0.0,0.2732604,0.0,0.0105006,4.47393,0.8011714,0.802197,1.104394,1.809522,3.315015,3.314099,3.329521,3.729471,0.0,1.105127,0.6018309,5.19786,5.20992,0.8786561
2025-08-19T09:35:47.393653,0.00543345,0.6782714,0.3659738,0.2820438,6.105e-05,0.0,0.1620044,0.00195186,0.2830197,0.0720594,0.0106227,6.05454,0.8011714,0.8014644,1.107325,1.81001,3.313183,3.314099,3.327664,3.740607,0.0,1.105494,0.6021972,5.20992,5.1925,0.8783874
2025-08-19T09:35:48.428021,0.0047619,0.668512,0.3464552,0.2810678,0.00018315,0.0,0.1581007,0.00390372,0.2713085,0.0617652,0.0106227,6.44746,0.8008783,0.8025633,1.108424,1.808545,3.315015,3.314099,3.311889,3.741535,0.0,1.107325,0.604395,5.21126,5.19786,0.8783874
2025-08-19T09:35:49.457018,0.00506715,0.668512,0.3445033,0.2830197,6.105e-05,0.0,0.1561488,0.00195186,0.2420307,0.0769614,0.0103785,6.03668,0.8017574,0.802197,1.108058,1.809522,3.315015,3.315931,3.307249,3.741535,0.0,1.104761,0.6051276,5.19786,5.1992,0.876507
2025-08-19T09:35:50.493890,0.00531135,0.6782714,0.3571904,0.2878993,0.00018315,0.0,0.166884,0.00390372,0.1971379,0.0460788,0.0107448,6.20635,0.8008783,0.802197,1.107691,1.807568,3.315015,3.315015,3.319313,3.723903,0.0,1.108058,0.6025635,5.1992,5.19652,0.8762386
2025-08-19T09:35:51.522118,0.00506715,0.6646084,0.348407,0.2869234,6.105e-05,0.0,0.1571247,0.00292779,0.3035142,0.06323581,0.0106227,5.91166,0.8011714,0.8010981,1.106959,1.810499,3.314099,3.315015,3.311889,3.726687,0.0,1.103296,0.6047613,5.20992,5.19384,0.8775815
2025-08-19T09:35:52.556890,0.00482295,0.5650635,0.3464552,0.2693567,6.105e-05,0.0,0.1590766,0.00292779,0.03318162,0.0,0.0106227,4.6436,0.8005854,0.8014644,1.104394,1.809034,3.314099,3.314099,3.307249,3.723903,0.0,1.109156,0.6032961,5.20054,5.19652,0.8775815
2025-08-19T09:35:53.582789,0.0056166,0.6714398,0.3454792,0.2800919,6.105e-05,0.0,0.1639562,0.00195186,0.2820438,0.080883,0.0112332,6.35816,0.8005854,0.8010981,1.104394,1.81001,3.315015,3.314099,3.311889,3.740607,0.0,1.113552,0.6036624,5.207239,5.207239,0.8775815
2025-08-19T09:35:54.607991,0.0047619,0.5631116,0.3464552,0.2839956,0.00018315,0.0,0.1629803,0.00195186,0.06733918,0.0720594,0.0108669,4.68825,0.8008783,0.8025633,1.106959,1.807568,3.314099,3.315015,3.327664,3.741535,0.0,1.10879,0.6025635,5.20858,5.21394,0.8789246
2025-08-19T09:35:55.634115,0.00531135,0.5670154,0.348407,0.2693567,6.105e-05,0.0,0.1610285,0.0,0.03220569,0.0455886,0.0106227,4.54537,0.8011714,0.8025633,1.104394,1.809522,3.313183,3.315931,3.329521,3.725759,0.0,1.106959,0.6018309,5.19786,5.19786,0.8762386
2025-08-19T09:35:56.661125,0.00518925,0.5611597,0.3445033,0.2839956,0.00018315,0.0,0.1571247,0.00487965,0.03318162,0.0,0.0112332,5.67055,0.8017574,0.8025633,1.108058,1.810987,3.314099,3.314099,3.311889,3.741535,0.0,1.107325,0.608058,5.22064,5.226,0.8778502
2025-08-19T09:35:57.689423,0.0053724,0.6021488,0.3474311,0.2810678,0.00018315,0.0,0.1600525,0.00195186,0.250814,0.058824,0.0103785,6.39388,0.8008783,0.8018308,1.106592,1.809034,3.312268,3.315931,3.308177,3.733183,0.0,1.113552,0.6051276,5.20322,5.19786,0.8773129
2025-08-19T09:35:58.723203,0.00482295,0.683151,0.3474311,0.2781401,6.105e-05,0.0,0.1561488,0.00195186,0.2732604,0.0676476,0.0103785,6.10812,0.8011714,0.8010981,1.107691,1.809522,3.313183,3.315931,3.319313,3.725759,0.0,1.106226,0.6036624,5.19786,5.20456,0.8781188
2025-08-19T09:35:59.750467,0.0053724,0.6060525,0.3464552,0.2800919,6.105e-05,0.0,0.1561488,0.00292779,0.1317506,0.0397062,0.0096459,5.42944,0.8002922,0.8018308,1.106959,1.809034,3.313183,3.315015,3.327664,3.741535,0.0,1.106592,0.6032961,5.20322,5.21126,0.8794619
2025-08-19T09:36:00.778387,0.0056166,0.6821751,0.3464552,0.2781401,0.0001221,0.0,0.1600525,0.00292779,0.2117768,0.0553926,0.0111111,6.0724,0.8011714,0.7996329,1.108058,1.809034,3.315015,3.315015,3.327664,3.722048,0.0,1.113552,0.6032961,5.19518,5.1925,0.8810737
2025-08-19T09:36:01.806510,0.0052503,0.6753436,0.3454792,0.2839956,6.105e-05,0.0,0.1571247,0.00292779,0.2625252,0.0622554,0.0108669,6.36709,0.8017574,0.802197,1.106959,1.809034,3.314099,3.312268,3.319313,3.740607,0.0,1.113552,0.6010983,5.19384,5.20188,0.8799991
2025-08-19T09:36:02.832073,0.00543345,0.612884,0.3454792,0.2830197,6.105e-05,0.0,0.1600525,0.00292779,0.3357199,0.061275,0.0105006,6.65285,0.8014645,0.8018308,1.106959,1.804638,3.311352,3.314099,3.318385,3.741535,0.0,1.104394,0.604395,5.19786,5.1925,0.8813422
2025-08-19T09:36:03.864883,0.0058608,0.6597287,0.348407,0.2800919,6.105e-05,0.0,0.1581007,0.00292779,0.2742363,0.071079,0.0105006,6.57248,0.8008783,0.8029296,1.104394,1.809034,3.313183,3.314099,3.311889,3.741535,0.0,1.113552,0.6018309,5.20456,5.1992,0.8810737
2025-08-19T09:36:04.897235,0.00482295,0.6089804,0.3474311,0.2781401,0.00018315,0.0,0.1590766,0.00097593,0.0712429,0.0,0.0106227,4.50965,0.8011714,0.8018308,1.106592,1.809522,3.313183,3.314099,3.302609,3.724831,0.0,1.111354,0.6003657,5.2193,5.20054,0.8810737
2025-08-19T09:36:05.929404,0.0052503,0.6528972,0.3464552,0.279116,6.105e-05,0.0,0.1639562,0.00390372,0.2595974,0.0642162,0.0103785,6.22421,0.8008783,0.8018308,1.106959,1.808057,3.315015,3.315015,3.307249,3.723903,0.0,1.107691,0.604395,5.20992,5.1992,0.8802678
2025-08-19T09:36:06.962729,0.00531135,0.6851029,0.3464552,0.2781401,0.0,0.0,0.1629803,0.00390372,0.2722845,0.07990261,0.0107448,6.0724,0.8011714,0.8014644,1.104394,1.809034,3.313183,3.315931,3.307249,3.726687,0.0,1.107325,0.6010983,5.1992,5.19518,0.8794619
2025-08-19T09:36:07.991575,0.0053724,0.600197,0.3454792,0.2752123,6.105e-05,0.0,0.1590766,0.00195186,0.04196499,0.0,0.0106227,5.29549,0.8008783,0.802197,1.10586,1.808545,3.314099,3.315015,3.341584,3.722048,0.0,1.108058,0.6040287,5.21394,5.2126,0.8783874
2025-08-19T09:36:09.020167,0.00531135,0.6870547,0.3698775,0.2800919,6.105e-05,0.0,0.1620044,0.00487965,0.2742363,0.07745161,0.0106227,6.3403,0.8011714,0.8018308,1.107325,1.809034,3.313183,3.316846,3.326736,3.722976,0.0,1.11575,0.6032961,5.1925,5.19384,0.8781188
2025-08-19T09:36:10.046049,0.00531135,0.6236192,0.3474311,0.2849716,6.105e-05,0.0,0.166884,0.00390372,0.2947309,0.0627456,0.0106227,6.35816,0.8011714,0.802197,1.108058,1.808545,3.314099,3.314099,3.318385,3.722976,0.0,1.107325,0.6036624,5.22064,5.19786,0.8810737
2025-08-19T09:36:11.075700,0.0052503,0.558232,0.3464552,0.2693567,6.105e-05,0.0,0.1620044,0.00292779,0.05660394,0.0,0.0106227,4.53644,0.8011714,0.8029296,1.107691,1.809034,3.312268,3.315015,3.327664,3.726687,0.0,1.113552,0.6003657,5.23136,5.20322,0.8783874
2025-08-19T09:36:12.103649,0.00531135,0.5640876,0.3474311,0.2693567,6.105e-05,0.0,0.1756674,0.00097593,0.1102801,0.0,0.0105006,4.47393,0.8017574,0.8029296,1.10586,1.808545,3.312268,3.315015,3.307249,3.741535,0.0,1.11172,0.6036624,5.2059,5.19786,0.8791933
2025-08-19T09:36:13.131682,0.00518925,0.5611597,0.3571904,0.2693567,6.105e-05,0.0,0.1610285,0.00487965,0.0292779,0.0,0.0103785,4.3757,0.8002922,0.8029296,1.108058,1.809034,3.314099,3.315015,3.327664,3.724831,0.0,1.113552,0.6025635,5.21126,5.1925,0.8789246
2025-08-19T09:36:14.163859,0.00555555,0.6665602,0.3571904,0.2800919,6.105e-05,0.0,0.1639562,0.00292779,0.3044902,0.0676476,0.0106227,6.50997,0.8017574,0.8014644,1.106959,1.809034,3.314099,3.315931,3.307249,3.741535,0.0,1.107691,0.6036624,5.2059,5.20188,0.8783874
2025-08-19T09:36:15.201494,0.0058608,0.6851029,0.3454792,0.2771641,6.105e-05,0.0,0.1581007,0.00390372,0.3054661,0.0720594,0.0101343,6.34923,0.8008783,0.802197,1.106959,1.809522,3.314099,3.315015,3.325809,3.748958,0.0,1.104394,0.6003657,5.20054,5.19384,0.8810737
2025-08-19T09:36:16.230650,0.00482295,0.5621357,0.3464552,0.2693567,6.105e-05,0.0,0.1688359,0.00195186,0.03122976,0.0602946,0.0105006,4.50965,0.8011714,0.8018308,1.10586,1.806592,3.313183,3.316846,3.319313,3.740607,0.0,1.106592,0.6018309,5.1992,5.18312,0.876507
2025-08-19T09:36:17.259478,0.00457875,0.6724158,0.3698775,0.2830197,6.105e-05,0.0,0.1571247,0.00195186,0.2400788,0.0691182,0.0107448,6.05454,0.8002922,0.8014644,1.108058,1.808545,3.312268,3.315931,3.311889,3.740607,0.0,1.107325,0.6029298,5.1925,5.1992,0.8799991
2025-08-19T09:36:18.288562,0.0051282,0.5640876,0.3464552,0.2703326,6.105e-05,0.0,0.1581007,0.00487965,0.03415755,0.0,0.0105006,4.44714,0.8002922,0.8018308,1.107691,1.809034,3.314099,3.315015,3.302609,3.722976,0.0,1.101464,0.604395,5.19384,5.20992,0.8781188
2025-08-19T09:36:19.324678,0.0050061,0.5748228,0.3445033,0.2752123,0.00018315,0.0,0.1571247,0.00097593,0.2420307,0.0034314,0.0106227,5.161539,0.8011714,0.802197,1.107691,1.808545,3.313183,3.315931,3.310961,3.723903,0.0,1.113552,0.6029298,5.2059,5.19652,0.8797306
2025-08-19T09:36:20.351443,0.00482295,0.6704639,0.3464552,0.2771641,6.105e-05,0.0,0.1620044,0.00292779,0.2771641,0.0769614,0.0107448,6.6082,0.8017574,0.8036622,1.107691,1.809034,3.314099,3.315931,3.319313,3.733183,0.0,1.106226,0.604395,5.2059,5.19786,0.8778502
2025-08-19T09:36:21.381585,0.0051282,0.5601838,0.3464552,0.2693567,6.105e-05,0.0,0.1581007,0.0,0.03025383,0.0,0.0106227,4.34891,0.8011714,0.8032959,1.107325,1.81001,3.314099,3.316846,3.306322,3.741535,0.0,1.106592,0.6003657,5.20322,5.20188,0.8805364
2025-08-19T09:36:22.411108,0.0051282,0.6402101,0.3445033,0.2771641,0.00018315,0.0,0.1590766,0.00097593,0.1024727,0.0,0.0107448,5.33121,0.8011714,0.8018308,1.107325,1.809034,3.313183,3.315015,3.310033,3.727615,0.0,1.106959,0.6036624,5.2193,5.207239,0.8781188
2025-08-19T09:36:23.447606,0.00482295,0.6626565,0.3474311,0.2810678,6.105e-05,0.0,0.1620044,0.00292779,0.2576455,0.0450984,0.0108669,5.99203,0.8002922,0.8040285,1.107691,1.809034,3.314099,3.316846,3.310033,3.724831,0.0,1.109889,0.6051276,5.20054,5.1992,0.8797306
2025-08-19T09:36:24.579444,0.0053724,0.6772955,0.3454792,0.2888753,6.105e-05,0.0,0.1561488,0.00195186,0.2878993,0.0656868,0.0107448,6.26886,0.8008783,0.8032959,1.106592,1.809034,3.313183,3.315015,3.357359,3.748958,0.0,1.104394,0.6010983,5.2126,5.20992,0.8783874
2025-08-19T09:36:25.609677,0.00506715,0.6733917,0.3454792,0.2771641,0.00018315,0.0,0.1629803,0.00390372,0.2761882,0.061275,0.0101343,6.36709,0.8011714,0.8025633,1.107325,1.807568,3.314099,3.315015,3.307249,3.725759,0.0,1.113552,0.6029298,5.20456,5.20054,0.8789246
2025-08-19T09:36:26.636064,0.00494505,0.5611597,0.3464552,0.2713085,6.105e-05,0.0,0.1620044,0.00195186,0.04001313,0.0,0.0105006,4.50965,0.8008783,0.8025633,1.10586,1.804638,3.312268,3.315931,3.311889,3.741535,0.0,1.101464,0.6036624,5.21126,5.19786,0.8810737
2025-08-19T09:36:27.665135,0.0047619,0.654849,0.3474311,0.2830197,6.105e-05,0.0,0.1551729,0.00292779,0.2703326,0.07745161,0.0105006,6.12598,0.8011714,0.802197,1.106226,1.809034,3.314099,3.314099,3.319313,3.725759,0.0,1.110988,0.6014646,5.1925,5.20054,0.8770444
2025-08-19T09:36:28.691841,0.00506715,0.5592079,0.348407,0.2703326,6.105e-05,0.0,0.1600525,0.00292779,0.04196499,0.0,0.0101343,4.50965,0.8011714,0.8025633,1.10586,1.809034,3.314099,3.315015,3.313745,3.748958,0.0,1.10879,0.6029298,5.19384,5.19786,0.8789246
2025-08-19T09:36:29.718701,0.0050061,0.5592079,0.3474311,0.2849716,6.105e-05,0.0,0.1600525,0.00390372,0.03220569,0.0,0.0106227,4.43821,0.8008783,0.802197,1.108058,1.809034,3.313183,3.314099,3.329521,3.724831,0.0,1.108424,0.604395,5.19652,5.19786,0.8775815
2025-08-19T09:36:30.745978,0.00494505,0.6782714,0.3454792,0.2859475,0.0,0.0,0.1610285,0.00195186,0.2839956,0.0534318,0.0103785,6.55462,0.8005854,0.8029296,1.108058,1.809034,3.313183,3.314099,3.308177,3.724831,0.0,1.107691,0.6010983,5.20322,5.20188,0.8775815
2025-08-19T09:36:31.778456,0.0053724,0.5592079,0.3464552,0.2713085,6.105e-05,0.0,0.1805471,0.0,0.04098906,0.0,0.0107448,5.04545,0.8017574,0.802197,1.104394,1.808057,3.313183,3.316846,3.322097,3.741535,0.0,1.110622,0.6098895,5.19786,5.22064,0.8781188
2025-08-19T09:36:32.805767,0.0058608,0.6763194,0.3464552,0.2781401,6.105e-05,0.0,0.1746915,0.0,0.2771641,0.0602946,0.0103785,6.05454,0.8002922,0.802197,1.107325,1.809034,3.315015,3.315015,3.326736,3.726687,0.0,1.104761,0.6032961,5.1992,5.20456,0.8773129
2025-08-19T09:36:33.832716,0.00482295,0.5884858,0.3474311,0.2683808,6.105e-05,0.0,0.1629803,0.00292779,0.03318162,0.0009804,0.0107448,3.7506,0.8017574,0.8025633,1.107691,1.809034,3.314099,3.315015,3.313745,3.725759,0.0,1.108424,0.6018309,5.1992,5.1925,0.8783874
2025-08-19T09:36:34.861013,0.00482295,0.6714398,0.3464552,0.2859475,6.105e-05,0.0,0.1581007,0.00292779,0.2849716,0.061275,0.0107448,6.28672,0.8002922,0.8018308,1.106959,1.808545,3.312268,3.314099,3.308177,3.741535,0.0,1.104028,0.6003657,5.20992,5.20456,0.8810737
2025-08-19T09:36:35.890774,0.0051282,0.6704639,0.3474311,0.2810678,6.105e-05,0.0,0.1629803,0.00097593,0.2888753,0.0720594,0.0106227,6.29565,0.8017574,0.8029296,1.106226,1.807568,3.312268,3.315015,3.318385,3.724831,0.0,1.106592,0.6036624,5.20456,5.19384,0.8781188
2025-08-19T09:36:36.918577,0.00592185,0.669488,0.3464552,0.2771641,0.00018315,0.0,0.1581007,0.0,0.2586215,0.0568632,0.0105006,5.79557,0.8011714,0.802197,1.107691,1.809522,3.314099,3.314099,3.329521,3.724831,0.0,1.11172,0.604395,5.20188,5.20992,0.876507
2025-08-19T09:36:37.948695,0.0047619,0.6802233,0.3669497,0.2849716,6.105e-05,0.0,0.1561488,0.00292779,0.2859475,0.07745161,0.0106227,6.0724,0.8008783,0.8007318,1.106226,1.806592,3.315015,3.315015,3.311889,3.740607,0.0,1.10879,0.604395,5.20322,5.1992,0.8786561
2025-08-19T09:36:38.973598,0.0058608,0.5699431,0.3464552,0.279116,0.00018315,0.0,0.1688359,0.0,0.2674048,0.0,0.0107448,5.17047,0.8014645,0.802197,1.107691,1.808057,3.314099,3.314099,3.310961,3.724831,0.0,1.107325,0.6029298,5.20054,5.20456,0.8681798
2025-08-19T09:36:40.002787,0.00531135,0.5601838,0.3454792,0.2752123,0.00018315,0.0,0.1639562,0.00292779,0.0292779,0.0,0.0107448,4.27747,0.8011714,0.8014644,1.108058,1.807568,3.314099,3.314099,3.309105,3.722976,0.0,1.110988,0.6032961,5.20858,5.1925,0.8781188
2025-08-19T09:36:41.033466,0.00506715,0.6821751,0.3474311,0.2859475,6.105e-05,0.0,0.1600525,0.00097593,0.2888753,0.0769614,0.0105006,6.33137,0.8005854,0.8018308,1.107691,1.809522,3.315015,3.316846,3.357359,3.741535,0.0,1.107691,0.6018309,5.20858,5.19786,0.8775815
2025-08-19T09:36:42.060886,0.00506715,0.5904376,0.3708534,0.2722845,6.105e-05,0.0,0.1639562,0.00292779,0.0878337,0.0019608,0.0106227,5.75092,0.8008783,0.8018308,1.107691,1.809034,3.315015,3.315015,3.311889,3.722976,0.0,1.113552,0.6047613,5.21528,5.21126,0.8786561
2025-08-19T09:36:43.089943,0.00531135,0.5670154,0.3689016,0.2810678,0.00018315,0.0,0.1590766,0.00292779,0.08685777,0.0,0.0107448,4.39356,0.8014645,0.8032959,1.10586,1.809034,3.314099,3.315015,3.309105,3.724831,0.0,1.104394,0.6051276,5.207239,5.20992,0.8773129
2025-08-19T09:36:44.122656,0.0058608,0.5592079,0.3464552,0.2742363,0.00018315,0.0,0.1581007,0.00195186,0.2117768,0.0,0.0107448,4.465,0.8017574,0.8029296,1.104394,1.808057,3.314099,3.316846,3.310033,3.723903,0.0,1.110988,0.604395,5.20322,5.20992,0.8773129
2025-08-19T09:36:45.151039,0.0052503,0.6821751,0.3474311,0.2800919,6.105e-05,0.0,0.1620044,0.00195186,0.3054661,0.0691182,0.0101343,6.26886,0.8017574,0.8018308,1.107325,1.811964,3.312268,3.315015,3.327664,3.724831,0.0,1.109523,0.6029298,5.1992,5.20456,0.8783874
2025-08-19T09:36:46.180937,0.00494505,0.5631116,0.3454792,0.2703326,6.105e-05,0.0,0.1600525,0.00195186,0.04001313,0.0,0.0107448,4.42928,0.8011714,0.8014644,1.108058,1.809034,3.314099,3.316846,3.327664,3.722976,0.0,1.113918,0.6040287,5.2059,5.207239,0.8778502
2025-08-19T09:36:47.211909,0.00506715,0.6704639,0.3464552,0.279116,0.00018315,0.0,0.1854267,0.00195186,0.1971379,0.0553926,0.0107448,6.29565,0.8014645,0.8018308,1.107691,1.810987,3.311352,3.315015,3.308177,3.727615,0.0,1.106959,0.6025635,5.1992,5.1992,0.8786561
2025-08-19T09:36:48.241297,0.00543345,0.6675361,0.3786608,0.2820438,0.00018315,0.0,0.1600525,0.00097593,0.2722845,0.0754908,0.0103785,6.22421,0.8011714,0.802197,1.106959,1.809522,3.314099,3.315931,3.307249,3.723903,0.0,1.106959,0.6032961,5.2059,5.20054,0.8781188
2025-08-19T09:36:49.268665,0.0052503,0.6772955,0.3464552,0.2849716,0.00018315,0.0,0.1756674,0.00097593,0.2752123,0.0750006,0.0112332,6.19742,0.8008783,0.8025633,1.108058,1.81001,3.312268,3.315015,3.309105,3.733183,0.0,1.106226,0.6029298,5.20456,5.19786,0.8853715
2025-08-19T09:36:50.295653,0.0058608,0.6890066,0.3474311,0.2810678,6.105e-05,0.0,0.1756674,0.00292779,0.2732604,0.0769614,0.0107448,6.0724,0.8008783,0.8014644,1.108058,1.804638,3.313183,3.315015,3.311889,3.724831,0.0,1.105127,0.6054939,5.20188,5.20188,0.876507
2025-08-19T09:36:51.324335,0.00482295,0.5621357,0.3464552,0.2800919,6.105e-05,0.0,0.1698118,0.0,0.3044902,0.0617652,0.0107448,4.42928,0.8002922,0.8025633,1.107691,1.809034,3.314099,3.314099,3.329521,3.75267,0.0,1.107691,0.6021972,5.19786,5.19652,0.8810737
2025-08-19T09:36:52.349753,0.00506715,0.6197156,0.3464552,0.2839956,0.00018315,0.0,0.1659081,0.00292779,0.1405339,0.007353,0.0107448,5.509809,0.8008783,0.8029296,1.107325,1.809034,3.313183,3.316846,3.307249,3.722048,0.0,1.110622,0.608058,5.2126,5.2126,0.8783874
2025-08-19T09:36:53.384317,0.00482295,0.6811991,0.3464552,0.2810678,6.105e-05,0.0,0.1600525,0.00390372,0.3132735,0.0696084,0.0106227,6.152769,0.8008783,0.802197,1.107691,1.809034,3.313183,3.315931,3.319313,3.723903,0.0,1.113552,0.608058,5.22064,5.1992,0.8781188
2025-08-19T09:36:54.422072,0.0053724,0.6870547,0.3445033,0.2781401,0.00018315,0.0,0.1561488,0.00097593,0.0487965,0.0691182,0.0107448,5.41158,0.8011714,0.7996329,1.109156,1.807568,3.313183,3.315015,3.319313,3.724831,0.0,1.115017,0.6036624,5.21528,5.22198,0.8853715
2025-08-19T09:36:55.453413,0.00482295,0.5611597,0.3689016,0.2830197,0.00018315,0.0,0.1590766,0.00487965,0.2742363,0.0602946,0.0105006,4.33998,0.8011714,0.8010981,1.104394,1.81001,3.314099,3.315015,3.310961,3.724831,0.0,1.10586,0.6029298,5.2059,5.19652,0.8778502
2025-08-19T09:36:56.482965,0.00518925,0.6704639,0.3445033,0.2722845,0.00018315,0.0,0.1581007,0.00292779,0.09466522,0.0,0.0108669,4.47393,0.8008783,0.8029296,1.106959,1.810987,3.314099,3.314099,3.327664,3.718336,0.0,1.109156,0.6032961,5.1925,5.1992,0.8773129
2025-08-19T09:36:57.510718,0.0058608,0.5777506,0.3454792,0.2810678,0.00018315,0.0,0.1590766,0.0,0.05562801,0.0,0.0107448,5.304419,0.8011714,0.802197,1.106226,1.808545,3.311352,3.316846,3.302609,3.723903,0.0,1.110988,0.6025635,5.1992,5.19652,0.8783874
2025-08-19T09:36:58.540121,0.0052503,0.6636324,0.3464552,0.2742363,6.105e-05,0.0,0.1620044,0.00487965,0.08685777,0.0,0.0106227,6.04561,0.8008783,0.8025633,1.106592,1.809034,3.315015,3.314099,3.309105,3.724831,0.0,1.110988,0.6032961,5.20456,5.1925,0.8781188
2025-08-19T09:36:59.571295,0.0052503,0.5611597,0.3445033,0.2703326,0.00018315,0.0,0.1590766,0.00292779,0.03122976,0.0,0.0106227,5.63483,0.8002922,0.8029296,1.10586,1.809034,3.315015,3.314099,3.331376,3.726687,0.0,1.105127,0.6036624,5.20188,5.1992,0.8773129
2025-08-19T09:37:00.599680,0.0047619,0.5640876,0.3464552,0.2742363,0.00018315,0.0,0.1610285,0.00292779,0.03025383,0.0,0.0107448,4.42035,0.8008783,0.8036622,1.107691,1.809034,3.313183,3.315931,3.327664,3.723903,0.0,1.112453,0.604395,5.20992,5.20188,0.8778502
2025-08-19T09:37:01.631754,0.00531135,0.5621357,0.3493829,0.2752123,6.105e-05,0.0,0.16786,0.00097593,0.03220569,0.0,0.0106227,5.07224,0.8017574,0.8018308,1.107325,1.809522,3.313183,3.315015,3.309105,3.726687,0.0,1.105127,0.6025635,5.20188,5.20456,0.8791933
2025-08-19T09:37:02.659490,0.00518925,0.5748228,0.3454792,0.2781401,6.105e-05,0.0,0.16786,0.00097593,0.05367615,0.0,0.0107448,5.22405,0.8011714,0.8025633,1.108058,1.809034,3.313183,3.316846,3.355503,3.727615,0.0,1.113552,0.6014646,5.21394,5.21126,0.8783874
2025-08-19T09:37:03.687666,0.0056166,0.6802233,0.3454792,0.2810678,0.00018315,0.0,0.1649322,0.00292779,0.2605733,0.0137256,0.0106227,6.04561,0.8008783,0.802197,1.107691,1.808057,3.312268,3.315015,3.318385,3.725759,0.0,1.107691,0.6076917,5.1992,5.22332,0.8783874
2025-08-19T09:37:04.716645,0.0058608,0.6782714,0.3474311,0.2839956,6.105e-05,0.0,0.166884,0.00292779,0.2820438,0.07254961,0.0105006,6.23314,0.8017574,0.8029296,1.108424,1.809034,3.312268,3.315015,3.327664,3.740607,0.0,1.105127,0.6018309,5.20992,5.20456,0.8762386
2025-08-19T09:37:05.743688,0.00543345,0.5767746,0.3659738,0.2810678,6.105e-05,0.0,0.1590766,0.00195186,0.2761882,0.0529416,0.0107448,5.68841,0.8011714,0.8029296,1.104394,1.809034,3.313183,3.314099,3.304465,3.726687,0.0,1.108058,0.6032961,5.20054,5.1992,0.8789246
2025-08-19T09:37:06.773378,0.0053724,0.612884,0.3454792,0.2693567,6.105e-05,0.0,0.1590766,0.00097593,0.03708534,0.0058824,0.0107448,4.86685,0.8017574,0.8014644,1.106592,1.808545,3.316846,3.314099,3.308177,3.724831,0.0,1.109156,0.6065928,5.20322,5.21796,0.8778502
2025-08-19T09:37:07.799274,0.00506715,0.6470417,0.3571904,0.2732604,6.105e-05,0.0,0.1590766,0.00195186,0.04489278,0.0529416,0.0103785,5.43837,0.8017574,0.802197,1.107691,1.809034,3.313183,3.316846,3.331376,3.724831,0.0,1.110622,0.6032961,5.21394,5.1992,0.8794619
2025-08-19T09:37:08.824324,0.0058608,0.5611597,0.3474311,0.264477,6.105e-05,0.0,0.1717637,0.00195186,0.0292779,0.0,0.0105006,1.28592,0.8011714,0.8018308,1.108058,1.808057,3.314099,3.315931,3.301682,3.725759,0.0,1.107325,0.6069591,5.24208,5.2394,0.7223192
2025-08-19T09:37:09.849275,0.00506715,0.558232,0.3474311,0.2595974,6.105e-05,0.0,0.1610285,0.0,0.01073523,0.0,0.0108669,1.21448,0.8014645,0.8025633,1.108424,1.808545,3.314099,3.315931,3.301682,3.722048,0.0,1.106959,0.6076917,5.24476,5.24476,0.723125
2025-08-19T09:37:10.873811,0.00506715,0.5748228,0.3454792,0.265453,0.00018315,0.0,0.1571247,0.00097593,0.00878337,0.0,0.0106227,3.01834,0.8014645,0.8029296,1.106226,1.80708,3.311352,3.315931,3.331376,3.729471,0.0,1.107325,0.6003657,5.23404,5.19518,0.8657623
